episode,decision,advantage,accepted,teacher_reward,teacher_queue,teacher_delay,teacher_travel_time,candidate_reward,candidate_queue,candidate_delay,candidate_travel_time
1,1005,-1.271666666666663,False,-46.57,4.041111111111111,0.5808073425700491,436.480884385076,-47.66,4.131944444444445,0.5618464851334325,436.45969599263015
1,1010,-2.865555555555561,False,-47.43,4.135,0.5170545405826796,468.71395670198063,-49.870000000000005,4.347777777777778,0.515718568416465,468.7245508982036
1,1015,1.700000000000017,True,-50.610000000000014,4.485,0.4980836543945897,499.91570704744356,-48.91,4.347222222222223,0.4783552623109831,499.88162137263936
1,1020,1.8724389683630034,True,-53.95,4.783333333333334,0.4794501542570261,530.1777982496545,-52.07,4.626666666666665,0.48701118589402537,530.169507139567
1,1030,-3.765002110620902,False,-56.75999999999999,5.052777777777778,0.4855919029214501,588.0902809765086,-59.97999999999999,5.32111111111111,0.49392734687568984,588.1054813450023
1,1035,1.8599999999999994,True,-59.57,5.3002777777777785,0.5134804065761369,615.7185628742515,-57.71,5.145277777777779,0.49748522684695884,615.694150161216
1,1040,-1.384862802205074,False,-60.05,5.340833333333334,0.5003529469161366,642.557346844772,-61.22,5.438333333333334,0.5202157491212087,642.5808383233533
1,1045,-2.1805180623169265,False,-54.15000000000001,4.902444444444445,0.5027476794177519,668.8198986642101,-56.010000000000005,5.057444444444445,0.5132657417346854,668.8475356978352
1,1060,-2.2606666666666726,False,-46.306666666666665,4.135388888888889,0.42196824616008044,743.9461077844311,-48.24666666666667,4.295722222222222,0.42007268024919087,743.9567019806541
1,1070,-0.10613303968186871,False,-41.026666666666664,3.6821666666666673,0.39006747941514985,790.9719023491479,-41.11666666666666,3.689666666666667,0.3912005190970226,790.9691386457854
1,1085,-2.5550000000000015,False,-29.606666666666673,2.626,0.33627381676580653,857.5882081989866,-31.796666666666674,2.8085,0.3336959653503714,857.5932749884846
1,1130,1.4499999999999993,True,-24.360000000000003,2.038,0.24024271673619643,1022.1773376324275,-22.910000000000004,1.917166666666667,0.22919838619277771,1022.1842468908337
1,1135,2.09,True,-25.19,2.165,0.28591919856935777,1037.1837862736065,-23.1,1.9863888888888885,0.27144068478570726,1037.1672040534315
1,1140,1.6499999999999915,True,-25.529999999999994,2.214444444444444,0.3242830416869646,1051.290188853063,-23.880000000000003,2.076944444444445,0.30577088338524333,1051.2759097190235
1,1150,-0.9683333333333355,False,-22.299999999999997,1.9647222222222225,0.3108175502753157,1077.147858129894,-23.13,2.0338888888888893,0.3094709766991219,1077.163519115615
1,1155,-1.1083333333333325,False,-22.459999999999994,1.9608333333333334,0.2531865920620179,1088.8894518654997,-23.409999999999993,2.04,0.2502164712778451,1088.873330262552
1,1165,-0.1153782649026392,False,-23.773333333333333,2.0828333333333333,0.28894683448086017,1109.8608935974205,-23.863333333333333,2.0950555555555557,0.2898806549390548,1109.8779364348227
1,1170,-2.6006352058814524,False,-21.75,1.857777777777778,0.27362034990648765,1119.3841547673883,-23.970000000000006,2.0430555555555556,0.28370000023237857,1119.387839705205
1,1175,1.5000000000000036,True,-28.360000000000003,2.5822222222222226,0.35158026960154304,1128.0723169046523,-26.86,2.4569444444444453,0.3505391355937261,1128.03316444035
1,1200,-0.841869661813135,False,-11.856666666666666,1.1095555555555554,0.206869931831211,1158.5753109166283,-12.576666666666664,1.1695555555555557,0.2087395936443466,1158.5693228926762
1,1205,0.47000000000000064,True,-9.21,0.8213888888888891,0.19672169852950402,1162.7789037309994,-8.74,0.7822222222222225,0.19280908920850964,1162.782128051589
1,1210,-0.8266666666666675,False,-8.83,0.819722222222222,0.1745272548210752,1166.2699216950714,-9.540000000000001,0.8780555555555554,0.16603182594578214,1166.262091202211
1,1225,0.0,False,-6.810000000000002,0.5791666666666667,0.11207672228973761,1173.005527406725,-6.810000000000002,0.5791666666666667,0.11207672228973761,1173.005527406725
1,1230,-0.019999999999998685,False,-5.680000000000001,0.4947222222222223,0.11186030955933976,1174.3431598341779,-5.699999999999999,0.49166666666666664,0.10592021961932284,1174.3311837862736
1,1240,0.0,False,-4.91,0.4324999999999999,0.10996962521152678,1175.8991248272685,-4.91,0.4324999999999999,0.10996962521152678,1175.8991248272685
1,1245,-0.047858334833348656,False,-1.56,0.1330555555555555,0.10731719634401968,1176.1791801013358,-1.6000000000000003,0.13638888888888887,0.10850886451070137,1176.18010133579
1,1250,0.0,False,0.0,0.0,0.0,1176.230308613542,0.0,0.0,0.0,1176.230308613542
1,1255,0.0,False,0.0,0.0,0.0,1176.230308613542,0.0,0.0,0.0,1176.230308613542
1,1260,0.0,False,0.0,0.0,0.0,1176.230308613542,0.0,0.0,0.0,1176.230308613542
1,1265,0.0,False,0.0,0.0,0.0,1176.230308613542,0.0,0.0,0.0,1176.230308613542
1,1270,0.0,False,0.0,0.0,0.0,1176.230308613542,0.0,0.0,0.0,1176.230308613542
1,1275,0.0,False,0.0,0.0,0.0,1176.230308613542,0.0,0.0,0.0,1176.230308613542
1,1280,0.0,False,0.0,0.0,0.0,1176.230308613542,0.0,0.0,0.0,1176.230308613542
1,1285,0.0,False,0.0,0.0,0.0,1176.230308613542,0.0,0.0,0.0,1176.230308613542
1,1290,0.0,False,0.0,0.0,0.0,1176.230308613542,0.0,0.0,0.0,1176.230308613542
1,1295,0.0,False,0.0,0.0,0.0,1176.230308613542,0.0,0.0,0.0,1176.230308613542
1,1300,0.0,False,0.0,0.0,0.0,1176.230308613542,0.0,0.0,0.0,1176.230308613542
1,1305,0.0,False,0.0,0.0,0.0,1176.230308613542,0.0,0.0,0.0,1176.230308613542
1,1310,0.0,False,0.0,0.0,0.0,1176.230308613542,0.0,0.0,0.0,1176.230308613542
1,1315,0.0,False,0.0,0.0,0.0,1176.230308613542,0.0,0.0,0.0,1176.230308613542
1,1320,0.0,False,0.0,0.0,0.0,1176.230308613542,0.0,0.0,0.0,1176.230308613542
1,1325,0.0,False,0.0,0.0,0.0,1176.230308613542,0.0,0.0,0.0,1176.230308613542
1,1330,0.0,False,0.0,0.0,0.0,1176.230308613542,0.0,0.0,0.0,1176.230308613542
1,1335,0.0,False,0.0,0.0,0.0,1176.230308613542,0.0,0.0,0.0,1176.230308613542
1,1340,0.0,False,0.0,0.0,0.0,1176.230308613542,0.0,0.0,0.0,1176.230308613542
1,1345,0.0,False,0.0,0.0,0.0,1176.230308613542,0.0,0.0,0.0,1176.230308613542
1,1350,0.0,False,0.0,0.0,0.0,1176.230308613542,0.0,0.0,0.0,1176.230308613542
1,1355,0.0,False,0.0,0.0,0.0,1176.230308613542,0.0,0.0,0.0,1176.230308613542
1,1360,0.0,False,0.0,0.0,0.0,1176.230308613542,0.0,0.0,0.0,1176.230308613542
1,1365,0.0,False,0.0,0.0,0.0,1176.230308613542,0.0,0.0,0.0,1176.230308613542
1,1370,0.0,False,0.0,0.0,0.0,1176.230308613542,0.0,0.0,0.0,1176.230308613542
1,1375,0.0,False,0.0,0.0,0.0,1176.230308613542,0.0,0.0,0.0,1176.230308613542
1,1380,0.0,False,0.0,0.0,0.0,1176.230308613542,0.0,0.0,0.0,1176.230308613542
1,1385,0.0,False,0.0,0.0,0.0,1176.230308613542,0.0,0.0,0.0,1176.230308613542
1,1390,0.0,False,0.0,0.0,0.0,1176.230308613542,0.0,0.0,0.0,1176.230308613542
1,1395,0.0,False,0.0,0.0,0.0,1176.230308613542,0.0,0.0,0.0,1176.230308613542
1,1400,0.0,False,0.0,0.0,0.0,1176.230308613542,0.0,0.0,0.0,1176.230308613542
1,1405,0.0,False,0.0,0.0,0.0,1176.230308613542,0.0,0.0,0.0,1176.230308613542
1,1410,0.0,False,0.0,0.0,0.0,1176.230308613542,0.0,0.0,0.0,1176.230308613542
1,1415,0.0,False,0.0,0.0,0.0,1176.230308613542,0.0,0.0,0.0,1176.230308613542
1,1420,0.0,False,0.0,0.0,0.0,1176.230308613542,0.0,0.0,0.0,1176.230308613542
1,1425,0.0,False,0.0,0.0,0.0,1176.230308613542,0.0,0.0,0.0,1176.230308613542
1,1430,0.0,False,0.0,0.0,0.0,1176.230308613542,0.0,0.0,0.0,1176.230308613542
1,1435,0.0,False,0.0,0.0,0.0,1176.230308613542,0.0,0.0,0.0,1176.230308613542
1,1440,0.0,False,0.0,0.0,0.0,1176.230308613542,0.0,0.0,0.0,1176.230308613542
1,1445,0.0,False,0.0,0.0,0.0,1176.230308613542,0.0,0.0,0.0,1176.230308613542
1,1450,0.0,False,0.0,0.0,0.0,1176.230308613542,0.0,0.0,0.0,1176.230308613542
1,1455,0.0,False,0.0,0.0,0.0,1176.230308613542,0.0,0.0,0.0,1176.230308613542
1,1460,0.0,False,0.0,0.0,0.0,1176.230308613542,0.0,0.0,0.0,1176.230308613542
1,1465,0.0,False,0.0,0.0,0.0,1176.230308613542,0.0,0.0,0.0,1176.230308613542
1,1470,0.0,False,0.0,0.0,0.0,1176.230308613542,0.0,0.0,0.0,1176.230308613542
1,1475,0.0,False,0.0,0.0,0.0,1176.230308613542,0.0,0.0,0.0,1176.230308613542
1,1480,0.0,False,0.0,0.0,0.0,1176.230308613542,0.0,0.0,0.0,1176.230308613542
1,1485,0.0,False,0.0,0.0,0.0,1176.230308613542,0.0,0.0,0.0,1176.230308613542
1,1490,0.0,False,0.0,0.0,0.0,1176.230308613542,0.0,0.0,0.0,1176.230308613542
1,1495,0.0,False,0.0,0.0,0.0,1176.230308613542,0.0,0.0,0.0,1176.230308613542
1,1500,0.0,False,0.0,0.0,0.0,1176.230308613542,0.0,0.0,0.0,1176.230308613542
1,1505,0.0,False,0.0,0.0,0.0,1176.230308613542,0.0,0.0,0.0,1176.230308613542
1,1510,0.0,False,0.0,0.0,0.0,1176.230308613542,0.0,0.0,0.0,1176.230308613542
1,1515,0.0,False,0.0,0.0,0.0,1176.230308613542,0.0,0.0,0.0,1176.230308613542
1,1520,0.0,False,0.0,0.0,0.0,1176.230308613542,0.0,0.0,0.0,1176.230308613542
1,1525,0.0,False,0.0,0.0,0.0,1176.230308613542,0.0,0.0,0.0,1176.230308613542
1,1530,0.0,False,0.0,0.0,0.0,1176.230308613542,0.0,0.0,0.0,1176.230308613542
1,1535,0.0,False,0.0,0.0,0.0,1176.230308613542,0.0,0.0,0.0,1176.230308613542
1,1540,0.0,False,0.0,0.0,0.0,1176.230308613542,0.0,0.0,0.0,1176.230308613542
1,1545,0.0,False,0.0,0.0,0.0,1176.230308613542,0.0,0.0,0.0,1176.230308613542
1,1550,0.0,False,0.0,0.0,0.0,1176.230308613542,0.0,0.0,0.0,1176.230308613542
1,1555,0.0,False,0.0,0.0,0.0,1176.230308613542,0.0,0.0,0.0,1176.230308613542
1,1560,0.0,False,0.0,0.0,0.0,1176.230308613542,0.0,0.0,0.0,1176.230308613542
1,1565,0.0,False,0.0,0.0,0.0,1176.230308613542,0.0,0.0,0.0,1176.230308613542
1,1570,0.0,False,0.0,0.0,0.0,1176.230308613542,0.0,0.0,0.0,1176.230308613542
1,1575,0.0,False,0.0,0.0,0.0,1176.230308613542,0.0,0.0,0.0,1176.230308613542
1,1580,0.0,False,0.0,0.0,0.0,1176.230308613542,0.0,0.0,0.0,1176.230308613542
1,1585,0.0,False,0.0,0.0,0.0,1176.230308613542,0.0,0.0,0.0,1176.230308613542
1,1590,0.0,False,0.0,0.0,0.0,1176.230308613542,0.0,0.0,0.0,1176.230308613542
1,1595,0.0,False,0.0,0.0,0.0,1176.230308613542,0.0,0.0,0.0,1176.230308613542
1,1600,0.0,False,0.0,0.0,0.0,1176.230308613542,0.0,0.0,0.0,1176.230308613542
1,1605,0.0,False,0.0,0.0,0.0,1176.230308613542,0.0,0.0,0.0,1176.230308613542
1,1610,0.0,False,0.0,0.0,0.0,1176.230308613542,0.0,0.0,0.0,1176.230308613542
1,1615,0.0,False,0.0,0.0,0.0,1176.230308613542,0.0,0.0,0.0,1176.230308613542
1,1620,0.0,False,0.0,0.0,0.0,1176.230308613542,0.0,0.0,0.0,1176.230308613542
1,1625,0.0,False,0.0,0.0,0.0,1176.230308613542,0.0,0.0,0.0,1176.230308613542
1,1630,0.0,False,0.0,0.0,0.0,1176.230308613542,0.0,0.0,0.0,1176.230308613542
1,1635,0.0,False,0.0,0.0,0.0,1176.230308613542,0.0,0.0,0.0,1176.230308613542
1,1640,0.0,False,0.0,0.0,0.0,1176.230308613542,0.0,0.0,0.0,1176.230308613542
1,1645,0.0,False,0.0,0.0,0.0,1176.230308613542,0.0,0.0,0.0,1176.230308613542
1,1650,0.0,False,0.0,0.0,0.0,1176.230308613542,0.0,0.0,0.0,1176.230308613542
1,1655,0.0,False,0.0,0.0,0.0,1176.230308613542,0.0,0.0,0.0,1176.230308613542
1,1660,0.0,False,0.0,0.0,0.0,1176.230308613542,0.0,0.0,0.0,1176.230308613542
1,1665,0.0,False,0.0,0.0,0.0,1176.230308613542,0.0,0.0,0.0,1176.230308613542
1,1670,0.0,False,0.0,0.0,0.0,1176.230308613542,0.0,0.0,0.0,1176.230308613542
1,1675,0.0,False,0.0,0.0,0.0,1176.230308613542,0.0,0.0,0.0,1176.230308613542
1,1680,0.0,False,0.0,0.0,0.0,1176.230308613542,0.0,0.0,0.0,1176.230308613542
1,1685,0.0,False,0.0,0.0,0.0,1176.230308613542,0.0,0.0,0.0,1176.230308613542
1,1690,0.0,False,0.0,0.0,0.0,1176.230308613542,0.0,0.0,0.0,1176.230308613542
1,1695,0.0,False,0.0,0.0,0.0,1176.230308613542,0.0,0.0,0.0,1176.230308613542
1,1700,0.0,False,0.0,0.0,0.0,1176.230308613542,0.0,0.0,0.0,1176.230308613542
1,1705,0.0,False,0.0,0.0,0.0,1176.230308613542,0.0,0.0,0.0,1176.230308613542
1,1710,0.0,False,0.0,0.0,0.0,1176.230308613542,0.0,0.0,0.0,1176.230308613542
1,1715,0.0,False,0.0,0.0,0.0,1176.230308613542,0.0,0.0,0.0,1176.230308613542
1,1720,0.0,False,0.0,0.0,0.0,1176.230308613542,0.0,0.0,0.0,1176.230308613542
1,1725,0.0,False,0.0,0.0,0.0,1176.230308613542,0.0,0.0,0.0,1176.230308613542
1,1730,0.0,False,0.0,0.0,0.0,1176.230308613542,0.0,0.0,0.0,1176.230308613542
1,1735,0.0,False,0.0,0.0,0.0,1176.230308613542,0.0,0.0,0.0,1176.230308613542
1,1740,0.0,False,0.0,0.0,0.0,1176.230308613542,0.0,0.0,0.0,1176.230308613542
1,1745,0.0,False,0.0,0.0,0.0,1176.230308613542,0.0,0.0,0.0,1176.230308613542
1,1750,0.0,False,0.0,0.0,0.0,1176.230308613542,0.0,0.0,0.0,1176.230308613542
1,1755,0.0,False,0.0,0.0,0.0,1176.230308613542,0.0,0.0,0.0,1176.230308613542
1,1760,0.0,False,0.0,0.0,0.0,1176.230308613542,0.0,0.0,0.0,1176.230308613542
1,1765,0.0,False,0.0,0.0,0.0,1176.230308613542,0.0,0.0,0.0,1176.230308613542
1,1770,0.0,False,0.0,0.0,0.0,1176.230308613542,0.0,0.0,0.0,1176.230308613542
1,1775,0.0,False,0.0,0.0,0.0,1176.230308613542,0.0,0.0,0.0,1176.230308613542
1,1780,0.0,False,0.0,0.0,0.0,1176.230308613542,0.0,0.0,0.0,1176.230308613542
1,1785,0.0,False,0.0,0.0,0.0,1176.230308613542,0.0,0.0,0.0,1176.230308613542
1,1790,0.0,False,0.0,0.0,0.0,1176.230308613542,0.0,0.0,0.0,1176.230308613542
1,1795,0.0,False,0.0,0.0,0.0,1176.230308613542,0.0,0.0,0.0,1176.230308613542
2,1800,0.6177416659049595,True,-1.24,0.10333333333333333,0.09370454504604757,14.0,-0.61,0.04305555555555555,0.10596287914108803,13.772151898734178
2,1805,-0.9455555555555559,False,-12.54,1.0402777777777776,0.30356270826449605,35.714285714285715,-13.35,1.1080555555555553,0.282568495856519,35.746753246753244
2,1810,1.3952261318163157,True,-21.950000000000003,1.7825,0.345785467446748,46.720689655172414,-20.55,1.6658333333333328,0.3505593356304344,46.610344827586204
2,1815,2.362008140900611,True,-32.519999999999996,2.7261111111111114,0.3458610905411134,66.68681318681318,-30.15,2.528611111111111,0.3538529496404998,66.53296703296704
2,1825,-0.44333333333333513,False,-34.46666666666667,2.8827222222222226,0.42098465983978967,93.85666666666667,-34.84666666666667,2.914388888888889,0.4146483227547261,93.79833333333333
2,1835,-0.268288535716351,False,-49.90666666666668,4.353888888888889,0.4443171433543884,123.6863425925926,-50.14666666666667,4.366111111111111,0.44816123462630864,123.67361111111111
2,1840,1.5509681346749726,True,-50.16999999999999,4.418611111111111,0.49844719412935046,140.9298067141404,-48.60999999999999,4.2775,0.5074790594543729,140.89623601220754
2,1845,-1.7844444444444516,False,-49.886666666666656,4.402777777777778,0.5395741168992961,161.20093023255814,-51.38666666666666,4.545,0.5266979123462326,161.21302325581397
2,1850,3.0145658385552014,True,-51.93333333333332,4.589777777777777,0.5350330540619566,174.67077175697867,-48.91333333333333,4.32838888888889,0.5404672155067511,174.6576354679803
2,1855,0.1997665848271839,True,-57.4,5.061388888888888,0.5854018949942948,191.96176911544228,-57.20000000000002,5.053333333333334,0.5856353101670925,191.98125937031483
2,1860,0.029999999999986926,True,-55.739999999999995,4.916666666666667,0.5584263349378825,205.06984553391538,-55.71000000000001,4.9141666666666675,0.5504785888128573,205.07186030893217
2,1870,-3.5900711297082015,False,-62.53666666666666,5.5520000000000005,0.5591096422480724,239.2454128440367,-65.60666666666667,5.810611111111113,0.5619585497340415,239.27408256880733
2,1875,-0.12833333333335872,False,-69.02999999999999,6.056333333333334,0.5761516742408668,257.89833243679396,-69.14000000000001,6.065499999999999,0.5713063441757801,257.8816568047337
2,1885,0.9699999999999989,True,-72.66,6.211555555555557,0.6114225437210609,296.35926993275694,-71.69,6.130722222222222,0.6103765396973796,296.3371757925072
2,1895,-0.9303333333333601,False,-76.72999999999999,6.549,0.6437123705009057,352.97789037309997,-77.52000000000001,6.61916666666667,0.6430005289580134,352.96269000460615
2,1910,1.9199999999999875,True,-72.86,6.297888888888888,0.5983589799524291,453.4398894518655,-70.94000000000001,6.13788888888889,0.5932285300925189,453.42422846614465
2,1915,-0.060000000000002274,False,-61.95,5.395499999999998,0.5704722957211958,485.5974205435283,-62.010000000000005,5.389944444444445,0.5634335862603169,485.60110548134503
2,1925,3.6200000000000117,True,-64.00000000000001,5.598444444444444,0.556076061096627,547.338553661907,-60.38,5.296777777777777,0.5542110632971476,547.3251957623215
2,1930,2.613333333333351,True,-60.52000000000001,5.262333333333335,0.566581559323994,576.9603869184707,-57.90666666666666,5.037833333333334,0.5595203950731575,576.9585444495624
2,1940,-3.1497266418734027,False,-48.026666666666664,4.248888888888889,0.5080122916299757,633.7577153385537,-50.716666666666676,4.4775,0.510516711281144,633.7908797789038
2,1945,0.4933333333333465,True,-39.870000000000005,3.4817222222222224,0.47261605718617117,660.8876093965914,-39.37666666666666,3.444500000000001,0.46638478843054104,660.9060340856748
2,1950,2.38333333333334,True,-40.613333333333344,3.5967777777777785,0.47185659401377866,687.2229387379087,-38.230000000000004,3.3926111111111115,0.4715815132878792,687.2344541685859
2,1965,-3.532444444444443,False,-36.43333333333333,3.153666666666667,0.3655842430865344,761.054352832796,-39.41,3.4315555555555552,0.351654241290538,761.0359281437126
2,1970,-3.267133817788378,False,-32.12666666666667,2.819833333333333,0.36323812159562224,783.9871027176416,-34.916666666666664,3.0515,0.37703860605067446,784.0138185168125
2,1975,0.5700000000000003,True,-35.42,3.0797222222222227,0.3584246923990296,806.1211423307232,-34.85,3.0522222222222224,0.3416647076326865,806.1349608475357
2,1980,-2.6417950859590067,False,-30.59,2.638055555555555,0.2989484869724253,827.5241824044219,-32.85,2.8263888888888884,0.3040769062647634,827.5251036388761
2,2010,1.6899999999999977,True,-31.029999999999998,2.7258333333333336,0.32089259285769417,939.3417779824965,-29.34,2.585,0.30199726590792203,939.3201289728236
2,2020,-1.4340940529155848,False,-30.380000000000006,2.625833333333333,0.29863020637341225,970.8668816213726,-31.600000000000005,2.7274999999999996,0.309390925955665,970.8599723629663
2,2045,-1.6127777777777714,False,-28.490000000000002,2.4222222222222225,0.2828875461815955,1037.07738369415,-29.869999999999997,2.5386111111111105,0.28159350954565604,1037.092584062644
2,2050,-0.3021177096141734,False,-27.619999999999997,2.3533333333333335,0.28807773309176066,1047.7991708889913,-27.870000000000005,2.3675,0.3118621093725936,1047.7881160755412
2,2055,1.5299999999999905,True,-25.289999999999996,2.119166666666666,0.27687530632765894,1057.7968678028558,-23.760000000000005,1.9916666666666663,0.2676407808531874,1057.814371257485
2,2060,0.08943841344071268,True,-24.759999999999998,2.1805555555555554,0.3141015762091094,1066.9824965453709,-24.65,2.1658333333333335,0.33466316276839614,1066.9709811146936
2,2070,2.129999999999999,True,-18.59,1.5808333333333335,0.2516510015148648,1082.7471211423308,-16.46,1.4033333333333333,0.23829793133087157,1082.7286964532473
2,2075,1.5699999999999967,True,-19.019999999999996,1.6769444444444446,0.25618693144570037,1089.2151082450484,-17.45,1.5463888888888893,0.23816214658224555,1089.2114233072316
2,2085,0.32496700537383016,True,-14.290000000000003,1.261666666666667,0.2318675042517505,1099.869184707508,-13.95666666666667,1.2351666666666667,0.24023383221125247,1099.8765545831413
2,2090,-2.4261132283626643,False,-19.11,1.874166666666667,0.25228543248549795,1104.1216029479504,-21.21000000000001,2.0324999999999998,0.2617319941814847,1104.1022570244127
2,2095,0.6135847507891243,True,-14.309999999999999,1.3465000000000003,0.2172748857083483,1107.780746199908,-13.689999999999998,1.2948333333333333,0.22369013491922501,1107.769691386458
2,2120,0.0,False,-9.090000000000002,0.9258333333333331,0.14326487578010844,1118.38231229848,-9.090000000000002,0.9258333333333331,0.14326487578010844,1118.38231229848
2,2125,0.0,False,-6.22,0.6611111111111113,0.11466826251021181,1119.3597420543529,-6.22,0.6611111111111113,0.11466826251021181,1119.3597420543529
2,2130,-0.20157977946135566,False,-0.78,0.06972222222222223,0.035628383920631695,1119.9811146936895,-0.95,0.08388888888888889,0.038874830048654115,1119.9866421004147
2,2135,0.0,False,-0.05,0.004166666666666667,0.004166666666666667,1120.1381851681253,-0.05,0.004166666666666667,0.004166666666666667,1120.1381851681253
2,2140,0.0,False,0.0,0.0,0.0,1120.1381851681253,0.0,0.0,0.0,1120.1381851681253
2,2145,0.0,False,0.0,0.0,0.0,1120.1381851681253,0.0,0.0,0.0,1120.1381851681253
2,2150,0.0,False,0.0,0.0,0.0,1120.1381851681253,0.0,0.0,0.0,1120.1381851681253
2,2155,0.0,False,0.0,0.0,0.0,1120.1381851681253,0.0,0.0,0.0,1120.1381851681253
2,2160,0.0,False,0.0,0.0,0.0,1120.1381851681253,0.0,0.0,0.0,1120.1381851681253
2,2165,0.0,False,0.0,0.0,0.0,1120.1381851681253,0.0,0.0,0.0,1120.1381851681253
2,2170,0.0,False,0.0,0.0,0.0,1120.1381851681253,0.0,0.0,0.0,1120.1381851681253
2,2175,0.0,False,0.0,0.0,0.0,1120.1381851681253,0.0,0.0,0.0,1120.1381851681253
2,2180,0.0,False,0.0,0.0,0.0,1120.1381851681253,0.0,0.0,0.0,1120.1381851681253
2,2185,0.0,False,0.0,0.0,0.0,1120.1381851681253,0.0,0.0,0.0,1120.1381851681253
2,2190,0.0,False,0.0,0.0,0.0,1120.1381851681253,0.0,0.0,0.0,1120.1381851681253
2,2195,0.0,False,0.0,0.0,0.0,1120.1381851681253,0.0,0.0,0.0,1120.1381851681253
2,2200,0.0,False,0.0,0.0,0.0,1120.1381851681253,0.0,0.0,0.0,1120.1381851681253
2,2205,0.0,False,0.0,0.0,0.0,1120.1381851681253,0.0,0.0,0.0,1120.1381851681253
2,2210,0.0,False,0.0,0.0,0.0,1120.1381851681253,0.0,0.0,0.0,1120.1381851681253
2,2215,0.0,False,0.0,0.0,0.0,1120.1381851681253,0.0,0.0,0.0,1120.1381851681253
2,2220,0.0,False,0.0,0.0,0.0,1120.1381851681253,0.0,0.0,0.0,1120.1381851681253
2,2225,0.0,False,0.0,0.0,0.0,1120.1381851681253,0.0,0.0,0.0,1120.1381851681253
2,2230,0.0,False,0.0,0.0,0.0,1120.1381851681253,0.0,0.0,0.0,1120.1381851681253
2,2235,0.0,False,0.0,0.0,0.0,1120.1381851681253,0.0,0.0,0.0,1120.1381851681253
2,2240,0.0,False,0.0,0.0,0.0,1120.1381851681253,0.0,0.0,0.0,1120.1381851681253
2,2245,0.0,False,0.0,0.0,0.0,1120.1381851681253,0.0,0.0,0.0,1120.1381851681253
2,2250,0.0,False,0.0,0.0,0.0,1120.1381851681253,0.0,0.0,0.0,1120.1381851681253
2,2255,0.0,False,0.0,0.0,0.0,1120.1381851681253,0.0,0.0,0.0,1120.1381851681253
2,2260,0.0,False,0.0,0.0,0.0,1120.1381851681253,0.0,0.0,0.0,1120.1381851681253
2,2265,0.0,False,0.0,0.0,0.0,1120.1381851681253,0.0,0.0,0.0,1120.1381851681253
2,2270,0.0,False,0.0,0.0,0.0,1120.1381851681253,0.0,0.0,0.0,1120.1381851681253
2,2275,0.0,False,0.0,0.0,0.0,1120.1381851681253,0.0,0.0,0.0,1120.1381851681253
2,2280,0.0,False,0.0,0.0,0.0,1120.1381851681253,0.0,0.0,0.0,1120.1381851681253
2,2285,0.0,False,0.0,0.0,0.0,1120.1381851681253,0.0,0.0,0.0,1120.1381851681253
2,2290,0.0,False,0.0,0.0,0.0,1120.1381851681253,0.0,0.0,0.0,1120.1381851681253
2,2295,0.0,False,0.0,0.0,0.0,1120.1381851681253,0.0,0.0,0.0,1120.1381851681253
2,2300,0.0,False,0.0,0.0,0.0,1120.1381851681253,0.0,0.0,0.0,1120.1381851681253
2,2305,0.0,False,0.0,0.0,0.0,1120.1381851681253,0.0,0.0,0.0,1120.1381851681253
2,2310,0.0,False,0.0,0.0,0.0,1120.1381851681253,0.0,0.0,0.0,1120.1381851681253
2,2315,0.0,False,0.0,0.0,0.0,1120.1381851681253,0.0,0.0,0.0,1120.1381851681253
2,2320,0.0,False,0.0,0.0,0.0,1120.1381851681253,0.0,0.0,0.0,1120.1381851681253
2,2325,0.0,False,0.0,0.0,0.0,1120.1381851681253,0.0,0.0,0.0,1120.1381851681253
2,2330,0.0,False,0.0,0.0,0.0,1120.1381851681253,0.0,0.0,0.0,1120.1381851681253
2,2335,0.0,False,0.0,0.0,0.0,1120.1381851681253,0.0,0.0,0.0,1120.1381851681253
2,2340,0.0,False,0.0,0.0,0.0,1120.1381851681253,0.0,0.0,0.0,1120.1381851681253
2,2345,0.0,False,0.0,0.0,0.0,1120.1381851681253,0.0,0.0,0.0,1120.1381851681253
2,2350,0.0,False,0.0,0.0,0.0,1120.1381851681253,0.0,0.0,0.0,1120.1381851681253
2,2355,0.0,False,0.0,0.0,0.0,1120.1381851681253,0.0,0.0,0.0,1120.1381851681253
2,2360,0.0,False,0.0,0.0,0.0,1120.1381851681253,0.0,0.0,0.0,1120.1381851681253
2,2365,0.0,False,0.0,0.0,0.0,1120.1381851681253,0.0,0.0,0.0,1120.1381851681253
2,2370,0.0,False,0.0,0.0,0.0,1120.1381851681253,0.0,0.0,0.0,1120.1381851681253
2,2375,0.0,False,0.0,0.0,0.0,1120.1381851681253,0.0,0.0,0.0,1120.1381851681253
2,2380,0.0,False,0.0,0.0,0.0,1120.1381851681253,0.0,0.0,0.0,1120.1381851681253
2,2385,0.0,False,0.0,0.0,0.0,1120.1381851681253,0.0,0.0,0.0,1120.1381851681253
2,2390,0.0,False,0.0,0.0,0.0,1120.1381851681253,0.0,0.0,0.0,1120.1381851681253
2,2395,0.0,False,0.0,0.0,0.0,1120.1381851681253,0.0,0.0,0.0,1120.1381851681253
2,2400,0.0,False,0.0,0.0,0.0,1120.1381851681253,0.0,0.0,0.0,1120.1381851681253
2,2405,0.0,False,0.0,0.0,0.0,1120.1381851681253,0.0,0.0,0.0,1120.1381851681253
2,2410,0.0,False,0.0,0.0,0.0,1120.1381851681253,0.0,0.0,0.0,1120.1381851681253
2,2415,0.0,False,0.0,0.0,0.0,1120.1381851681253,0.0,0.0,0.0,1120.1381851681253
2,2420,0.0,False,0.0,0.0,0.0,1120.1381851681253,0.0,0.0,0.0,1120.1381851681253
2,2425,0.0,False,0.0,0.0,0.0,1120.1381851681253,0.0,0.0,0.0,1120.1381851681253
2,2430,0.0,False,0.0,0.0,0.0,1120.1381851681253,0.0,0.0,0.0,1120.1381851681253
2,2435,0.0,False,0.0,0.0,0.0,1120.1381851681253,0.0,0.0,0.0,1120.1381851681253
2,2440,0.0,False,0.0,0.0,0.0,1120.1381851681253,0.0,0.0,0.0,1120.1381851681253
2,2445,0.0,False,0.0,0.0,0.0,1120.1381851681253,0.0,0.0,0.0,1120.1381851681253
2,2450,0.0,False,0.0,0.0,0.0,1120.1381851681253,0.0,0.0,0.0,1120.1381851681253
2,2455,0.0,False,0.0,0.0,0.0,1120.1381851681253,0.0,0.0,0.0,1120.1381851681253
2,2460,0.0,False,0.0,0.0,0.0,1120.1381851681253,0.0,0.0,0.0,1120.1381851681253
2,2465,0.0,False,0.0,0.0,0.0,1120.1381851681253,0.0,0.0,0.0,1120.1381851681253
2,2470,0.0,False,0.0,0.0,0.0,1120.1381851681253,0.0,0.0,0.0,1120.1381851681253
2,2475,0.0,False,0.0,0.0,0.0,1120.1381851681253,0.0,0.0,0.0,1120.1381851681253
2,2480,0.0,False,0.0,0.0,0.0,1120.1381851681253,0.0,0.0,0.0,1120.1381851681253
2,2485,0.0,False,0.0,0.0,0.0,1120.1381851681253,0.0,0.0,0.0,1120.1381851681253
2,2490,0.0,False,0.0,0.0,0.0,1120.1381851681253,0.0,0.0,0.0,1120.1381851681253
2,2495,0.0,False,0.0,0.0,0.0,1120.1381851681253,0.0,0.0,0.0,1120.1381851681253
2,2500,0.0,False,0.0,0.0,0.0,1120.1381851681253,0.0,0.0,0.0,1120.1381851681253
2,2505,0.0,False,0.0,0.0,0.0,1120.1381851681253,0.0,0.0,0.0,1120.1381851681253
2,2510,0.0,False,0.0,0.0,0.0,1120.1381851681253,0.0,0.0,0.0,1120.1381851681253
2,2515,0.0,False,0.0,0.0,0.0,1120.1381851681253,0.0,0.0,0.0,1120.1381851681253
2,2520,0.0,False,0.0,0.0,0.0,1120.1381851681253,0.0,0.0,0.0,1120.1381851681253
2,2525,0.0,False,0.0,0.0,0.0,1120.1381851681253,0.0,0.0,0.0,1120.1381851681253
2,2530,0.0,False,0.0,0.0,0.0,1120.1381851681253,0.0,0.0,0.0,1120.1381851681253
2,2535,0.0,False,0.0,0.0,0.0,1120.1381851681253,0.0,0.0,0.0,1120.1381851681253
2,2540,0.0,False,0.0,0.0,0.0,1120.1381851681253,0.0,0.0,0.0,1120.1381851681253
2,2545,0.0,False,0.0,0.0,0.0,1120.1381851681253,0.0,0.0,0.0,1120.1381851681253
2,2550,0.0,False,0.0,0.0,0.0,1120.1381851681253,0.0,0.0,0.0,1120.1381851681253
2,2555,0.0,False,0.0,0.0,0.0,1120.1381851681253,0.0,0.0,0.0,1120.1381851681253
2,2560,0.0,False,0.0,0.0,0.0,1120.1381851681253,0.0,0.0,0.0,1120.1381851681253
2,2565,0.0,False,0.0,0.0,0.0,1120.1381851681253,0.0,0.0,0.0,1120.1381851681253
2,2570,0.0,False,0.0,0.0,0.0,1120.1381851681253,0.0,0.0,0.0,1120.1381851681253
2,2575,0.0,False,0.0,0.0,0.0,1120.1381851681253,0.0,0.0,0.0,1120.1381851681253
2,2580,0.0,False,0.0,0.0,0.0,1120.1381851681253,0.0,0.0,0.0,1120.1381851681253
2,2585,0.0,False,0.0,0.0,0.0,1120.1381851681253,0.0,0.0,0.0,1120.1381851681253
2,2590,0.0,False,0.0,0.0,0.0,1120.1381851681253,0.0,0.0,0.0,1120.1381851681253
2,2595,0.0,False,0.0,0.0,0.0,1120.1381851681253,0.0,0.0,0.0,1120.1381851681253
2,2600,0.0,False,0.0,0.0,0.0,1120.1381851681253,0.0,0.0,0.0,1120.1381851681253
2,2605,0.0,False,0.0,0.0,0.0,1120.1381851681253,0.0,0.0,0.0,1120.1381851681253
2,2610,0.0,False,0.0,0.0,0.0,1120.1381851681253,0.0,0.0,0.0,1120.1381851681253
2,2615,0.0,False,0.0,0.0,0.0,1120.1381851681253,0.0,0.0,0.0,1120.1381851681253
2,2620,0.0,False,0.0,0.0,0.0,1120.1381851681253,0.0,0.0,0.0,1120.1381851681253
2,2625,0.0,False,0.0,0.0,0.0,1120.1381851681253,0.0,0.0,0.0,1120.1381851681253
2,2630,0.0,False,0.0,0.0,0.0,1120.1381851681253,0.0,0.0,0.0,1120.1381851681253
2,2635,0.0,False,0.0,0.0,0.0,1120.1381851681253,0.0,0.0,0.0,1120.1381851681253
2,2640,0.0,False,0.0,0.0,0.0,1120.1381851681253,0.0,0.0,0.0,1120.1381851681253
2,2645,0.0,False,0.0,0.0,0.0,1120.1381851681253,0.0,0.0,0.0,1120.1381851681253
2,2650,0.0,False,0.0,0.0,0.0,1120.1381851681253,0.0,0.0,0.0,1120.1381851681253
2,2655,0.0,False,0.0,0.0,0.0,1120.1381851681253,0.0,0.0,0.0,1120.1381851681253
2,2660,0.0,False,0.0,0.0,0.0,1120.1381851681253,0.0,0.0,0.0,1120.1381851681253
2,2665,0.0,False,0.0,0.0,0.0,1120.1381851681253,0.0,0.0,0.0,1120.1381851681253
2,2670,0.0,False,0.0,0.0,0.0,1120.1381851681253,0.0,0.0,0.0,1120.1381851681253
2,2675,0.0,False,0.0,0.0,0.0,1120.1381851681253,0.0,0.0,0.0,1120.1381851681253
2,2680,0.0,False,0.0,0.0,0.0,1120.1381851681253,0.0,0.0,0.0,1120.1381851681253
2,2685,0.0,False,0.0,0.0,0.0,1120.1381851681253,0.0,0.0,0.0,1120.1381851681253
2,2690,0.0,False,0.0,0.0,0.0,1120.1381851681253,0.0,0.0,0.0,1120.1381851681253
2,2695,0.0,False,0.0,0.0,0.0,1120.1381851681253,0.0,0.0,0.0,1120.1381851681253
1,1005,-1.8163643383867,False,-51.555,4.5221527777777775,0.5440971776775984,492.6596038691847,-53.14000000000001,4.636805555555556,0.5329797367977246,493.6738830032243
1,1010,-3.966818034733289,False,-49.9075,4.397986111111111,0.5042568136698643,523.5941962229388,-53.239999999999995,4.710208333333333,0.5114481322003339,524.9986181483188
1,1015,0.8044389585283943,True,-55.73750000000002,4.932916666666667,0.5102444651763476,554.4629203132197,-54.93500000000001,4.86701388888889,0.49060969536589993,553.387839705205
1,1020,3.7525893446412977,True,-57.5925,5.1274305555555575,0.4757042676876844,582.7660064486412,-53.8425,4.814930555555557,0.4752354563948469,581.257024412713
1,1030,-3.215923284740463,False,-58.83000000000002,5.229444444444444,0.47295807912642795,637.0069092584063,-61.570000000000014,5.4577777777777765,0.4904286497738022,638.1446338093044
1,1035,2.4912932838789446,True,-60.95833333333334,5.445847222222222,0.5066990888094943,663.5278673422386,-58.468333333333334,5.238347222222222,0.48488684009445854,662.6697374481805
1,1040,-1.6778002228520839,False,-60.0125,5.337708333333334,0.48802239723554947,689.847075080608,-61.43,5.455833333333334,0.5117380977868173,690.0778443113772
1,1045,-1.4125478230899902,False,-55.99083333333333,5.108166666666667,0.5153536081051274,714.4140948871487,-57.27750000000002,5.1706111111111115,0.5125415654352594,715.1229847996315
1,1060,-1.9861344915438721,False,-48.961666666666666,4.448194444444444,0.43988764623318144,786.0796867802856,-50.715,4.5643055555555545,0.4184793953925666,786.5347766006448
1,1070,-2.190063693102185,False,-34.020833333333336,2.9703749999999993,0.3380427939842196,831.2068171349608,-35.90833333333333,3.118083333333333,0.3454824141411679,830.9636112390604
1,1085,-0.19584352814831538,False,-35.660833333333336,3.2433750000000003,0.35366806754591507,894.5564256103178,-35.76833333333334,3.2873333333333337,0.34001430430194285,894.9382772915707
1,1130,3.0976594700848694,True,-24.813333333333336,2.069833333333333,0.20239039990566354,1048.4979272224782,-21.71583333333333,1.811708333333333,0.18400466084281664,1048.3307231690465
1,1135,6.1961425021186365,True,-33.572500000000005,2.992291666666667,0.3200249761319639,1063.14693689544,-27.3775,2.423611111111111,0.3022408719092037,1061.9322892676187
1,1140,1.225947365164505,True,-27.062499999999996,2.4138888888888888,0.3158261325647593,1074.4735145094426,-25.836666666666662,2.3453194444444443,0.28530906602213907,1074.3509903270383
1,1150,0.1746336123139809,True,-26.2125,2.38423611111111,0.30664019427991485,1097.5228005527406,-26.0375,2.334027777777778,0.28601231347652073,1097.9249193919852
1,1160,0.031228797136939657,True,-28.219166666666663,2.6302083333333335,0.2970476391124253,1117.1718102257025,-28.1875,2.5900694444444445,0.2710174998004004,1117.660985720866
1,1165,-0.24868262615851583,False,-27.539999999999996,2.5166666666666666,0.29924385782750273,1126.1814831874713,-27.752499999999998,2.5345833333333325,0.28312983357893146,1126.5748502994013
1,1170,-10.28936737759145,False,-22.999999999999996,1.943944444444444,0.23237155655688702,1134.4168585905113,-31.48999999999999,2.8145000000000007,0.28997044626695095,1135.1625978811608
1,1175,0.21257905578351988,True,-30.049999999999994,2.7564583333333332,0.37144841036969184,1141.9907876554582,-29.83750000000001,2.7110416666666657,0.37066782841933527,1141.9005066789498
1,1180,-2.8609906261760076,False,-26.21750000000001,2.4152083333333327,0.28121061188026564,1146.6305849838784,-28.65999999999999,2.6128472222222228,0.3033087047313478,1147.9087977890374
1,1215,-1.869161298299844,False,-13.51083333333333,1.2298611111111108,0.16159862862223257,1173.4785812989405,-15.060833333333331,1.3765694444444447,0.1865723452609545,1174.3832335329341
1,1225,0.0,False,-9.144999999999998,0.8617361111111111,0.12759053958302533,1177.3643482266236,-9.144999999999998,0.8617361111111111,0.12759053958302533,1177.3643482266236
1,1230,2.992288886929795,True,-7.754999999999999,0.6481250000000002,0.08795432918392108,1178.1994472593276,-4.762499999999998,0.39875000000000005,0.057614533344094734,1178.448180561953
1,1235,-0.21929744846423385,False,-3.77,0.34750000000000003,0.0694918138474554,1178.786273606633,-3.957500000000001,0.3631249999999999,0.05215660395483016,1179.431598341778
1,1240,0.992894414774388,True,-4.545000000000001,0.3954166666666667,0.075462806574996,1179.5283279594657,-3.5524999999999998,0.31270833333333337,0.07432504239059495,1179.0631045601106
1,1245,0.0,False,-2.72,0.2411805555555556,0.10051080917511138,1179.2441271303546,-2.72,0.2411805555555556,0.10051080917511138,1179.2441271303546
1,1250,0.23253046899994137,True,-0.8475000000000001,0.08493055555555554,0.049873228054107065,1179.1704283740212,-0.6149999999999999,0.05125000000000001,0.027087974917523645,1179.1345002303085
1,1255,0.0,False,0.0,0.0,0.0,1179.0612620912023,0.0,0.0,0.0,1179.0612620912023
1,1260,0.0,False,0.0,0.0,0.0,1179.0612620912023,0.0,0.0,0.0,1179.0612620912023
1,1265,0.0,False,0.0,0.0,0.0,1179.0612620912023,0.0,0.0,0.0,1179.0612620912023
1,1270,0.0,False,0.0,0.0,0.0,1179.0612620912023,0.0,0.0,0.0,1179.0612620912023
1,1275,0.0,False,0.0,0.0,0.0,1179.0612620912023,0.0,0.0,0.0,1179.0612620912023
1,1280,0.0,False,0.0,0.0,0.0,1179.0612620912023,0.0,0.0,0.0,1179.0612620912023
1,1285,0.0,False,0.0,0.0,0.0,1179.0612620912023,0.0,0.0,0.0,1179.0612620912023
1,1290,0.0,False,0.0,0.0,0.0,1179.0612620912023,0.0,0.0,0.0,1179.0612620912023
1,1295,0.0,False,0.0,0.0,0.0,1179.0612620912023,0.0,0.0,0.0,1179.0612620912023
1,1300,0.0,False,0.0,0.0,0.0,1179.0612620912023,0.0,0.0,0.0,1179.0612620912023
1,1305,0.0,False,0.0,0.0,0.0,1179.0612620912023,0.0,0.0,0.0,1179.0612620912023
1,1310,0.0,False,0.0,0.0,0.0,1179.0612620912023,0.0,0.0,0.0,1179.0612620912023
1,1315,0.0,False,0.0,0.0,0.0,1179.0612620912023,0.0,0.0,0.0,1179.0612620912023
1,1320,0.0,False,0.0,0.0,0.0,1179.0612620912023,0.0,0.0,0.0,1179.0612620912023
1,1325,0.0,False,0.0,0.0,0.0,1179.0612620912023,0.0,0.0,0.0,1179.0612620912023
1,1330,0.0,False,0.0,0.0,0.0,1179.0612620912023,0.0,0.0,0.0,1179.0612620912023
1,1335,0.0,False,0.0,0.0,0.0,1179.0612620912023,0.0,0.0,0.0,1179.0612620912023
1,1340,0.0,False,0.0,0.0,0.0,1179.0612620912023,0.0,0.0,0.0,1179.0612620912023
1,1345,0.0,False,0.0,0.0,0.0,1179.0612620912023,0.0,0.0,0.0,1179.0612620912023
1,1350,0.0,False,0.0,0.0,0.0,1179.0612620912023,0.0,0.0,0.0,1179.0612620912023
1,1355,0.0,False,0.0,0.0,0.0,1179.0612620912023,0.0,0.0,0.0,1179.0612620912023
1,1360,0.0,False,0.0,0.0,0.0,1179.0612620912023,0.0,0.0,0.0,1179.0612620912023
1,1365,0.0,False,0.0,0.0,0.0,1179.0612620912023,0.0,0.0,0.0,1179.0612620912023
1,1370,0.0,False,0.0,0.0,0.0,1179.0612620912023,0.0,0.0,0.0,1179.0612620912023
1,1375,0.0,False,0.0,0.0,0.0,1179.0612620912023,0.0,0.0,0.0,1179.0612620912023
1,1380,0.0,False,0.0,0.0,0.0,1179.0612620912023,0.0,0.0,0.0,1179.0612620912023
1,1385,0.0,False,0.0,0.0,0.0,1179.0612620912023,0.0,0.0,0.0,1179.0612620912023
1,1390,0.0,False,0.0,0.0,0.0,1179.0612620912023,0.0,0.0,0.0,1179.0612620912023
1,1395,0.0,False,0.0,0.0,0.0,1179.0612620912023,0.0,0.0,0.0,1179.0612620912023
1,1400,0.0,False,0.0,0.0,0.0,1179.0612620912023,0.0,0.0,0.0,1179.0612620912023
1,1405,0.0,False,0.0,0.0,0.0,1179.0612620912023,0.0,0.0,0.0,1179.0612620912023
1,1410,0.0,False,0.0,0.0,0.0,1179.0612620912023,0.0,0.0,0.0,1179.0612620912023
1,1415,0.0,False,0.0,0.0,0.0,1179.0612620912023,0.0,0.0,0.0,1179.0612620912023
1,1420,0.0,False,0.0,0.0,0.0,1179.0612620912023,0.0,0.0,0.0,1179.0612620912023
1,1425,0.0,False,0.0,0.0,0.0,1179.0612620912023,0.0,0.0,0.0,1179.0612620912023
1,1430,0.0,False,0.0,0.0,0.0,1179.0612620912023,0.0,0.0,0.0,1179.0612620912023
1,1435,0.0,False,0.0,0.0,0.0,1179.0612620912023,0.0,0.0,0.0,1179.0612620912023
1,1440,0.0,False,0.0,0.0,0.0,1179.0612620912023,0.0,0.0,0.0,1179.0612620912023
1,1445,0.0,False,0.0,0.0,0.0,1179.0612620912023,0.0,0.0,0.0,1179.0612620912023
1,1450,0.0,False,0.0,0.0,0.0,1179.0612620912023,0.0,0.0,0.0,1179.0612620912023
1,1455,0.0,False,0.0,0.0,0.0,1179.0612620912023,0.0,0.0,0.0,1179.0612620912023
1,1460,0.0,False,0.0,0.0,0.0,1179.0612620912023,0.0,0.0,0.0,1179.0612620912023
1,1465,0.0,False,0.0,0.0,0.0,1179.0612620912023,0.0,0.0,0.0,1179.0612620912023
1,1470,0.0,False,0.0,0.0,0.0,1179.0612620912023,0.0,0.0,0.0,1179.0612620912023
1,1475,0.0,False,0.0,0.0,0.0,1179.0612620912023,0.0,0.0,0.0,1179.0612620912023
1,1480,0.0,False,0.0,0.0,0.0,1179.0612620912023,0.0,0.0,0.0,1179.0612620912023
1,1485,0.0,False,0.0,0.0,0.0,1179.0612620912023,0.0,0.0,0.0,1179.0612620912023
1,1490,0.0,False,0.0,0.0,0.0,1179.0612620912023,0.0,0.0,0.0,1179.0612620912023
1,1495,0.0,False,0.0,0.0,0.0,1179.0612620912023,0.0,0.0,0.0,1179.0612620912023
1,1500,0.0,False,0.0,0.0,0.0,1179.0612620912023,0.0,0.0,0.0,1179.0612620912023
1,1505,0.0,False,0.0,0.0,0.0,1179.0612620912023,0.0,0.0,0.0,1179.0612620912023
1,1510,0.0,False,0.0,0.0,0.0,1179.0612620912023,0.0,0.0,0.0,1179.0612620912023
1,1515,0.0,False,0.0,0.0,0.0,1179.0612620912023,0.0,0.0,0.0,1179.0612620912023
1,1520,0.0,False,0.0,0.0,0.0,1179.0612620912023,0.0,0.0,0.0,1179.0612620912023
1,1525,0.0,False,0.0,0.0,0.0,1179.0612620912023,0.0,0.0,0.0,1179.0612620912023
1,1530,0.0,False,0.0,0.0,0.0,1179.0612620912023,0.0,0.0,0.0,1179.0612620912023
1,1535,0.0,False,0.0,0.0,0.0,1179.0612620912023,0.0,0.0,0.0,1179.0612620912023
1,1540,0.0,False,0.0,0.0,0.0,1179.0612620912023,0.0,0.0,0.0,1179.0612620912023
1,1545,0.0,False,0.0,0.0,0.0,1179.0612620912023,0.0,0.0,0.0,1179.0612620912023
1,1550,0.0,False,0.0,0.0,0.0,1179.0612620912023,0.0,0.0,0.0,1179.0612620912023
1,1555,0.0,False,0.0,0.0,0.0,1179.0612620912023,0.0,0.0,0.0,1179.0612620912023
1,1560,0.0,False,0.0,0.0,0.0,1179.0612620912023,0.0,0.0,0.0,1179.0612620912023
1,1565,0.0,False,0.0,0.0,0.0,1179.0612620912023,0.0,0.0,0.0,1179.0612620912023
1,1570,0.0,False,0.0,0.0,0.0,1179.0612620912023,0.0,0.0,0.0,1179.0612620912023
1,1575,0.0,False,0.0,0.0,0.0,1179.0612620912023,0.0,0.0,0.0,1179.0612620912023
1,1580,0.0,False,0.0,0.0,0.0,1179.0612620912023,0.0,0.0,0.0,1179.0612620912023
1,1585,0.0,False,0.0,0.0,0.0,1179.0612620912023,0.0,0.0,0.0,1179.0612620912023
1,1590,0.0,False,0.0,0.0,0.0,1179.0612620912023,0.0,0.0,0.0,1179.0612620912023
1,1595,0.0,False,0.0,0.0,0.0,1179.0612620912023,0.0,0.0,0.0,1179.0612620912023
1,1600,0.0,False,0.0,0.0,0.0,1179.0612620912023,0.0,0.0,0.0,1179.0612620912023
1,1605,0.0,False,0.0,0.0,0.0,1179.0612620912023,0.0,0.0,0.0,1179.0612620912023
1,1610,0.0,False,0.0,0.0,0.0,1179.0612620912023,0.0,0.0,0.0,1179.0612620912023
1,1615,0.0,False,0.0,0.0,0.0,1179.0612620912023,0.0,0.0,0.0,1179.0612620912023
1,1620,0.0,False,0.0,0.0,0.0,1179.0612620912023,0.0,0.0,0.0,1179.0612620912023
1,1625,0.0,False,0.0,0.0,0.0,1179.0612620912023,0.0,0.0,0.0,1179.0612620912023
1,1630,0.0,False,0.0,0.0,0.0,1179.0612620912023,0.0,0.0,0.0,1179.0612620912023
1,1635,0.0,False,0.0,0.0,0.0,1179.0612620912023,0.0,0.0,0.0,1179.0612620912023
1,1640,0.0,False,0.0,0.0,0.0,1179.0612620912023,0.0,0.0,0.0,1179.0612620912023
1,1645,0.0,False,0.0,0.0,0.0,1179.0612620912023,0.0,0.0,0.0,1179.0612620912023
1,1650,0.0,False,0.0,0.0,0.0,1179.0612620912023,0.0,0.0,0.0,1179.0612620912023
1,1655,0.0,False,0.0,0.0,0.0,1179.0612620912023,0.0,0.0,0.0,1179.0612620912023
1,1660,0.0,False,0.0,0.0,0.0,1179.0612620912023,0.0,0.0,0.0,1179.0612620912023
1,1665,0.0,False,0.0,0.0,0.0,1179.0612620912023,0.0,0.0,0.0,1179.0612620912023
1,1670,0.0,False,0.0,0.0,0.0,1179.0612620912023,0.0,0.0,0.0,1179.0612620912023
1,1675,0.0,False,0.0,0.0,0.0,1179.0612620912023,0.0,0.0,0.0,1179.0612620912023
1,1680,0.0,False,0.0,0.0,0.0,1179.0612620912023,0.0,0.0,0.0,1179.0612620912023
1,1685,0.0,False,0.0,0.0,0.0,1179.0612620912023,0.0,0.0,0.0,1179.0612620912023
1,1690,0.0,False,0.0,0.0,0.0,1179.0612620912023,0.0,0.0,0.0,1179.0612620912023
1,1695,0.0,False,0.0,0.0,0.0,1179.0612620912023,0.0,0.0,0.0,1179.0612620912023
1,1700,0.0,False,0.0,0.0,0.0,1179.0612620912023,0.0,0.0,0.0,1179.0612620912023
1,1705,0.0,False,0.0,0.0,0.0,1179.0612620912023,0.0,0.0,0.0,1179.0612620912023
1,1710,0.0,False,0.0,0.0,0.0,1179.0612620912023,0.0,0.0,0.0,1179.0612620912023
1,1715,0.0,False,0.0,0.0,0.0,1179.0612620912023,0.0,0.0,0.0,1179.0612620912023
1,1720,0.0,False,0.0,0.0,0.0,1179.0612620912023,0.0,0.0,0.0,1179.0612620912023
1,1725,0.0,False,0.0,0.0,0.0,1179.0612620912023,0.0,0.0,0.0,1179.0612620912023
1,1730,0.0,False,0.0,0.0,0.0,1179.0612620912023,0.0,0.0,0.0,1179.0612620912023
1,1735,0.0,False,0.0,0.0,0.0,1179.0612620912023,0.0,0.0,0.0,1179.0612620912023
1,1740,0.0,False,0.0,0.0,0.0,1179.0612620912023,0.0,0.0,0.0,1179.0612620912023
1,1745,0.0,False,0.0,0.0,0.0,1179.0612620912023,0.0,0.0,0.0,1179.0612620912023
1,1750,0.0,False,0.0,0.0,0.0,1179.0612620912023,0.0,0.0,0.0,1179.0612620912023
1,1755,0.0,False,0.0,0.0,0.0,1179.0612620912023,0.0,0.0,0.0,1179.0612620912023
1,1760,0.0,False,0.0,0.0,0.0,1179.0612620912023,0.0,0.0,0.0,1179.0612620912023
1,1765,0.0,False,0.0,0.0,0.0,1179.0612620912023,0.0,0.0,0.0,1179.0612620912023
1,1770,0.0,False,0.0,0.0,0.0,1179.0612620912023,0.0,0.0,0.0,1179.0612620912023
1,1775,0.0,False,0.0,0.0,0.0,1179.0612620912023,0.0,0.0,0.0,1179.0612620912023
1,1780,0.0,False,0.0,0.0,0.0,1179.0612620912023,0.0,0.0,0.0,1179.0612620912023
1,1785,0.0,False,0.0,0.0,0.0,1179.0612620912023,0.0,0.0,0.0,1179.0612620912023
1,1790,0.0,False,0.0,0.0,0.0,1179.0612620912023,0.0,0.0,0.0,1179.0612620912023
1,1795,0.0,False,0.0,0.0,0.0,1179.0612620912023,0.0,0.0,0.0,1179.0612620912023
2,1800,4.182354329646613,True,-20.315,1.719652777777778,0.2869290284728699,53.72463768115942,-16.352500000000003,1.2078472222222223,0.26689428154276307,41.91304347826087
2,1805,-1.9373479694908253,False,-30.59,2.5790277777777777,0.39575405554329113,69.69827586206897,-32.4,2.6420833333333333,0.3635491852341069,69.78448275862068
2,1810,0.25068378137525066,True,-36.43333333333333,2.907777777777777,0.4312754778348457,74.89072164948453,-36.23416666666667,2.857930555555556,0.44657737089014776,69.88659793814433
2,1815,2.225281062680115,True,-43.891666666666666,3.635944444444445,0.4245257315795263,93.48695652173913,-41.69666666666667,3.453027777777778,0.4316923481850524,89.98608695652175
2,1825,-5.152142698423635,False,-40.80583333333334,3.275513888888889,0.454528144628183,120.12662721893491,-45.23083333333333,3.6419027777777777,0.43120445629682147,119.44970414201184
2,1835,1.675815745293193,True,-56.01916666666666,4.9546527777777785,0.50570443490345,158.5361216730038,-54.34666666666667,4.739444444444445,0.4953518045196911,158.01045627376425
2,1840,3.058859348125967,True,-54.59,4.8889861111111115,0.5271479876551451,170.12531328320802,-51.5325,4.558569444444444,0.5403388261329932,167.6499582289056
2,1850,1.8776587516226764,True,-62.14083333333333,5.473305555555556,0.5632447530344458,200.68385345997285,-60.26833333333333,5.380458333333333,0.5625566220677389,199.64857530529173
2,1860,-1.5431146626364187,False,-59.954166666666666,5.28911111111111,0.5952702699483079,234.62732558139535,-61.31916666666667,5.376541666666666,0.5678382208532544,235.39069767441862
2,1865,-1.1226264980270497,False,-65.23166666666665,5.739611111111111,0.5997922699291884,255.25423728813558,-66.15166666666667,5.837041666666667,0.6120172378758272,254.1159103335156
2,1870,-5.405158216856437,False,-68.07,5.9540000000000015,0.5051429725018883,271.6194600101885,-72.675,6.3453888888888885,0.5203515738269551,272.2093734080489
2,1875,-4.717739320396369,False,-72.94583333333335,6.298791666666667,0.5369695512855824,292.8018455560952,-76.97833333333334,6.634833333333334,0.5483175470269915,293.3312287518213
2,1880,-1.2949458155355011,False,-73.75250000000001,6.4200694444444455,0.5561289587174668,310.5665591893137,-74.86,6.512361111111111,0.538409772204043,311.45555043758634
2,1885,2.4511719025296594,True,-72.21166666666667,6.213680555555555,0.6235710933104223,345.09074159373563,-69.75916666666667,6.015347222222222,0.6005975155298449,345.5490557346845
2,1890,3.1346258205742528,True,-73.0025,6.387152777777777,0.5340369704913798,377.91893136803316,-69.8675,6.125902777777778,0.5101867768065075,378.06034085674804
2,1895,-5.470096385893588,False,-65.07583333333334,5.730583333333334,0.5585603184220178,410.5923537540304,-69.7625,6.122777777777778,0.556596722687836,410.19852602487333
2,1900,1.5326670666033462,True,-70.97333333333333,6.191152777777777,0.5300767747791229,442.81298940580376,-69.43833333333333,6.063236111111111,0.5344859615993549,441.89359742054353
2,1915,0.909758489592547,True,-69.54583333333333,6.061430555555555,0.5398727362598553,532.5587286964533,-68.63583333333332,5.985597222222222,0.541754122638725,531.6853984339015
2,1920,4.372918283334375,True,-67.255,5.893805555555556,0.5567381979690339,560.7655458314141,-62.87416666666666,5.467625,0.5638770175400896,561.2008291110087
2,1925,15.795029975578156,True,-68.51916666666666,5.902000000000002,0.5531006246025433,588.584983878397,-52.725833333333334,4.449888888888889,0.5400177901351503,587.5863657300783
2,1930,6.598870201800555,True,-61.91583333333333,5.312319444444444,0.565525751470251,614.3067710732381,-55.3175,4.849874999999999,0.5364835670863715,613.9769691386458
2,1945,5.608552768716784,True,-50.08416666666667,4.313152777777778,0.47593720446112825,688.1100875172732,-44.47416666666666,3.891402777777778,0.42693698910648076,689.1059419622294
2,1960,3.8206944313192723,True,-44.77833333333333,3.9912361111111117,0.40862619964941127,755.5002303086136,-40.958333333333336,3.6033888888888885,0.39319419313741893,754.9755872869646
2,1965,4.77715546019253,True,-45.95249999999999,4.135041666666667,0.43157559147184904,776.1506218332565,-41.177499999999995,3.6689305555555562,0.42295611711916503,774.4776600644864
2,1970,6.290792365967729,True,-48.58333333333332,4.347333333333334,0.40609486268564104,795.825426070935,-42.29333333333333,3.786722222222222,0.369874944499909,795.1948410870566
2,1975,-3.6994458374985566,False,-36.16583333333333,3.229888888888889,0.3637450568718371,812.3684937816674,-39.39083333333333,3.46475,0.36759775203467815,813.0760018424689
2,1980,-6.001586554530152,False,-37.1,3.3183055555555554,0.3817221783623046,831.2574850299401,-42.24333333333334,3.739958333333333,0.395766072656052,832.0087517273146
2,1985,-0.8794330472070389,False,-33.95666666666667,2.922888888888889,0.3148902633145435,847.7411331183786,-34.71000000000001,2.985722222222222,0.30696222445683036,848.1082450483648
2,1995,5.748845503796635,True,-37.082499999999996,3.280277777777778,0.33119358156789996,879.4666052510364,-31.334999999999997,2.735625,0.3244433075585743,878.2832795946568
2,2000,2.8179235507243754,True,-26.280000000000005,2.1914583333333337,0.24981925648933262,892.841547673883,-23.449999999999992,1.9556249999999997,0.2613204769244917,893.355135882082
2,2010,3.2304948730650627,True,-39.90083333333334,3.5739027777777777,0.35155650320865195,921.4707508060801,-36.670833333333334,3.2098749999999994,0.3357274168905766,921.0147397512667
2,2020,1.037423008440316,True,-36.122499999999995,3.2307638888888888,0.30552418737068193,945.2662367572548,-35.085,3.1002777777777775,0.28557087596833974,945.3390142791341
2,2025,5.1037827365045425,True,-37.13,3.3081944444444447,0.30401536951682107,956.6144633809305,-32.0275,2.819236111111111,0.28509446105112274,955.3873790879779
2,2035,1.4615414711149575,True,-31.058333333333334,2.598666666666667,0.25604827930475305,976.3445416858591,-29.597500000000004,2.4838750000000003,0.243611448513574,975.6531552280055
2,2040,-2.7343894777146476,False,-26.2875,2.3700694444444443,0.2632900911551688,984.6531552280055,-28.532500000000002,2.6144444444444446,0.25578145499680977,985.2828189774298
2,2045,4.97230275444864,True,-27.102500000000003,2.2720138888888886,0.24398028893723048,993.5214187010595,-22.13083333333333,1.8464305555555556,0.2177076378279751,992.8894518654997
2,2050,3.015165952038816,True,-26.765833333333333,2.405986111111111,0.26673136964042143,1001.114693689544,-23.75083333333333,2.1309861111111115,0.2681472563626407,999.5310916628282
2,2055,-0.6306187824738017,False,-24.415000000000003,2.2019444444444445,0.2974134621801195,1005.8125287885767,-24.870833333333334,2.289222222222222,0.29641908066962974,1006.043758636573
2,2060,-2.290403480610062,False,-24.83749999999999,2.269236111111111,0.3468208759576213,1011.3486872409028,-26.704166666666662,2.4805138888888885,0.3478431828243049,1011.5094426531552
2,2065,2.9832379075217563,True,-26.882500000000004,2.430347222222222,0.28240324072033685,1016.3555964993091,-23.9,2.149166666666667,0.28284774450187566,1015.1538461538462
2,2070,4.202851343686389,True,-29.702500000000004,2.695347222222222,0.35020233195867423,1019.9705204974666,-25.499999999999996,2.3062499999999995,0.32985457409102925,1019.612160294795
2,2090,-2.8070842884023035,False,-8.629999999999999,0.7359722222222221,0.19791557092989365,1026.9585444495624,-11.027499999999998,0.9357638888888887,0.2077537111955457,1027.125748502994
2,2095,-4.643330852784005,False,-10.280833333333335,0.9548194444444442,0.22671149702727947,1027.9286043298018,-14.304999999999996,1.2543750000000002,0.2462528391455328,1028.4546292031323
2,2100,0.4225886617714633,True,-9.3875,0.8639583333333332,0.21125685794829802,1028.6531552280055,-8.964999999999998,0.8170138888888889,0.1931201819745621,1028.561953017043
2,2110,0.2875448067418019,True,-0.7500000000000002,0.062499999999999986,0.04528164496360224,1028.0087517273146,-0.46249999999999986,0.03854166666666667,0.021323311630268904,1027.9626900046062
2,2115,0.0,False,0.0,0.0,0.0,1027.8889912482728,0.0,0.0,0.0,1027.8889912482728
2,2120,0.0,False,0.0,0.0,0.0,1027.8889912482728,0.0,0.0,0.0,1027.8889912482728
2,2125,0.0,False,0.0,0.0,0.0,1027.8889912482728,0.0,0.0,0.0,1027.8889912482728
2,2130,0.0,False,0.0,0.0,0.0,1027.8889912482728,0.0,0.0,0.0,1027.8889912482728
2,2135,0.0,False,0.0,0.0,0.0,1027.8889912482728,0.0,0.0,0.0,1027.8889912482728
2,2140,0.0,False,0.0,0.0,0.0,1027.8889912482728,0.0,0.0,0.0,1027.8889912482728
2,2145,0.0,False,0.0,0.0,0.0,1027.8889912482728,0.0,0.0,0.0,1027.8889912482728
2,2150,0.0,False,0.0,0.0,0.0,1027.8889912482728,0.0,0.0,0.0,1027.8889912482728
2,2155,0.0,False,0.0,0.0,0.0,1027.8889912482728,0.0,0.0,0.0,1027.8889912482728
2,2160,0.0,False,0.0,0.0,0.0,1027.8889912482728,0.0,0.0,0.0,1027.8889912482728
2,2165,0.0,False,0.0,0.0,0.0,1027.8889912482728,0.0,0.0,0.0,1027.8889912482728
2,2170,0.0,False,0.0,0.0,0.0,1027.8889912482728,0.0,0.0,0.0,1027.8889912482728
2,2175,0.0,False,0.0,0.0,0.0,1027.8889912482728,0.0,0.0,0.0,1027.8889912482728
2,2180,0.0,False,0.0,0.0,0.0,1027.8889912482728,0.0,0.0,0.0,1027.8889912482728
2,2185,0.0,False,0.0,0.0,0.0,1027.8889912482728,0.0,0.0,0.0,1027.8889912482728
2,2190,0.0,False,0.0,0.0,0.0,1027.8889912482728,0.0,0.0,0.0,1027.8889912482728
2,2195,0.0,False,0.0,0.0,0.0,1027.8889912482728,0.0,0.0,0.0,1027.8889912482728
2,2200,0.0,False,0.0,0.0,0.0,1027.8889912482728,0.0,0.0,0.0,1027.8889912482728
2,2205,0.0,False,0.0,0.0,0.0,1027.8889912482728,0.0,0.0,0.0,1027.8889912482728
2,2210,0.0,False,0.0,0.0,0.0,1027.8889912482728,0.0,0.0,0.0,1027.8889912482728
2,2215,0.0,False,0.0,0.0,0.0,1027.8889912482728,0.0,0.0,0.0,1027.8889912482728
2,2220,0.0,False,0.0,0.0,0.0,1027.8889912482728,0.0,0.0,0.0,1027.8889912482728
2,2225,0.0,False,0.0,0.0,0.0,1027.8889912482728,0.0,0.0,0.0,1027.8889912482728
2,2230,0.0,False,0.0,0.0,0.0,1027.8889912482728,0.0,0.0,0.0,1027.8889912482728
2,2235,0.0,False,0.0,0.0,0.0,1027.8889912482728,0.0,0.0,0.0,1027.8889912482728
2,2240,0.0,False,0.0,0.0,0.0,1027.8889912482728,0.0,0.0,0.0,1027.8889912482728
2,2245,0.0,False,0.0,0.0,0.0,1027.8889912482728,0.0,0.0,0.0,1027.8889912482728
2,2250,0.0,False,0.0,0.0,0.0,1027.8889912482728,0.0,0.0,0.0,1027.8889912482728
2,2255,0.0,False,0.0,0.0,0.0,1027.8889912482728,0.0,0.0,0.0,1027.8889912482728
2,2260,0.0,False,0.0,0.0,0.0,1027.8889912482728,0.0,0.0,0.0,1027.8889912482728
2,2265,0.0,False,0.0,0.0,0.0,1027.8889912482728,0.0,0.0,0.0,1027.8889912482728
2,2270,0.0,False,0.0,0.0,0.0,1027.8889912482728,0.0,0.0,0.0,1027.8889912482728
2,2275,0.0,False,0.0,0.0,0.0,1027.8889912482728,0.0,0.0,0.0,1027.8889912482728
2,2280,0.0,False,0.0,0.0,0.0,1027.8889912482728,0.0,0.0,0.0,1027.8889912482728
2,2285,0.0,False,0.0,0.0,0.0,1027.8889912482728,0.0,0.0,0.0,1027.8889912482728
2,2290,0.0,False,0.0,0.0,0.0,1027.8889912482728,0.0,0.0,0.0,1027.8889912482728
2,2295,0.0,False,0.0,0.0,0.0,1027.8889912482728,0.0,0.0,0.0,1027.8889912482728
2,2300,0.0,False,0.0,0.0,0.0,1027.8889912482728,0.0,0.0,0.0,1027.8889912482728
2,2305,0.0,False,0.0,0.0,0.0,1027.8889912482728,0.0,0.0,0.0,1027.8889912482728
2,2310,0.0,False,0.0,0.0,0.0,1027.8889912482728,0.0,0.0,0.0,1027.8889912482728
2,2315,0.0,False,0.0,0.0,0.0,1027.8889912482728,0.0,0.0,0.0,1027.8889912482728
2,2320,0.0,False,0.0,0.0,0.0,1027.8889912482728,0.0,0.0,0.0,1027.8889912482728
2,2325,0.0,False,0.0,0.0,0.0,1027.8889912482728,0.0,0.0,0.0,1027.8889912482728
2,2330,0.0,False,0.0,0.0,0.0,1027.8889912482728,0.0,0.0,0.0,1027.8889912482728
2,2335,0.0,False,0.0,0.0,0.0,1027.8889912482728,0.0,0.0,0.0,1027.8889912482728
2,2340,0.0,False,0.0,0.0,0.0,1027.8889912482728,0.0,0.0,0.0,1027.8889912482728
2,2345,0.0,False,0.0,0.0,0.0,1027.8889912482728,0.0,0.0,0.0,1027.8889912482728
2,2350,0.0,False,0.0,0.0,0.0,1027.8889912482728,0.0,0.0,0.0,1027.8889912482728
2,2355,0.0,False,0.0,0.0,0.0,1027.8889912482728,0.0,0.0,0.0,1027.8889912482728
2,2360,0.0,False,0.0,0.0,0.0,1027.8889912482728,0.0,0.0,0.0,1027.8889912482728
2,2365,0.0,False,0.0,0.0,0.0,1027.8889912482728,0.0,0.0,0.0,1027.8889912482728
2,2370,0.0,False,0.0,0.0,0.0,1027.8889912482728,0.0,0.0,0.0,1027.8889912482728
2,2375,0.0,False,0.0,0.0,0.0,1027.8889912482728,0.0,0.0,0.0,1027.8889912482728
2,2380,0.0,False,0.0,0.0,0.0,1027.8889912482728,0.0,0.0,0.0,1027.8889912482728
2,2385,0.0,False,0.0,0.0,0.0,1027.8889912482728,0.0,0.0,0.0,1027.8889912482728
2,2390,0.0,False,0.0,0.0,0.0,1027.8889912482728,0.0,0.0,0.0,1027.8889912482728
2,2395,0.0,False,0.0,0.0,0.0,1027.8889912482728,0.0,0.0,0.0,1027.8889912482728
2,2400,0.0,False,0.0,0.0,0.0,1027.8889912482728,0.0,0.0,0.0,1027.8889912482728
2,2405,0.0,False,0.0,0.0,0.0,1027.8889912482728,0.0,0.0,0.0,1027.8889912482728
2,2410,0.0,False,0.0,0.0,0.0,1027.8889912482728,0.0,0.0,0.0,1027.8889912482728
2,2415,0.0,False,0.0,0.0,0.0,1027.8889912482728,0.0,0.0,0.0,1027.8889912482728
2,2420,0.0,False,0.0,0.0,0.0,1027.8889912482728,0.0,0.0,0.0,1027.8889912482728
2,2425,0.0,False,0.0,0.0,0.0,1027.8889912482728,0.0,0.0,0.0,1027.8889912482728
2,2430,0.0,False,0.0,0.0,0.0,1027.8889912482728,0.0,0.0,0.0,1027.8889912482728
2,2435,0.0,False,0.0,0.0,0.0,1027.8889912482728,0.0,0.0,0.0,1027.8889912482728
2,2440,0.0,False,0.0,0.0,0.0,1027.8889912482728,0.0,0.0,0.0,1027.8889912482728
2,2445,0.0,False,0.0,0.0,0.0,1027.8889912482728,0.0,0.0,0.0,1027.8889912482728
2,2450,0.0,False,0.0,0.0,0.0,1027.8889912482728,0.0,0.0,0.0,1027.8889912482728
2,2455,0.0,False,0.0,0.0,0.0,1027.8889912482728,0.0,0.0,0.0,1027.8889912482728
2,2460,0.0,False,0.0,0.0,0.0,1027.8889912482728,0.0,0.0,0.0,1027.8889912482728
2,2465,0.0,False,0.0,0.0,0.0,1027.8889912482728,0.0,0.0,0.0,1027.8889912482728
2,2470,0.0,False,0.0,0.0,0.0,1027.8889912482728,0.0,0.0,0.0,1027.8889912482728
2,2475,0.0,False,0.0,0.0,0.0,1027.8889912482728,0.0,0.0,0.0,1027.8889912482728
2,2480,0.0,False,0.0,0.0,0.0,1027.8889912482728,0.0,0.0,0.0,1027.8889912482728
2,2485,0.0,False,0.0,0.0,0.0,1027.8889912482728,0.0,0.0,0.0,1027.8889912482728
2,2490,0.0,False,0.0,0.0,0.0,1027.8889912482728,0.0,0.0,0.0,1027.8889912482728
2,2495,0.0,False,0.0,0.0,0.0,1027.8889912482728,0.0,0.0,0.0,1027.8889912482728
2,2500,0.0,False,0.0,0.0,0.0,1027.8889912482728,0.0,0.0,0.0,1027.8889912482728
2,2505,0.0,False,0.0,0.0,0.0,1027.8889912482728,0.0,0.0,0.0,1027.8889912482728
2,2510,0.0,False,0.0,0.0,0.0,1027.8889912482728,0.0,0.0,0.0,1027.8889912482728
2,2515,0.0,False,0.0,0.0,0.0,1027.8889912482728,0.0,0.0,0.0,1027.8889912482728
2,2520,0.0,False,0.0,0.0,0.0,1027.8889912482728,0.0,0.0,0.0,1027.8889912482728
2,2525,0.0,False,0.0,0.0,0.0,1027.8889912482728,0.0,0.0,0.0,1027.8889912482728
2,2530,0.0,False,0.0,0.0,0.0,1027.8889912482728,0.0,0.0,0.0,1027.8889912482728
2,2535,0.0,False,0.0,0.0,0.0,1027.8889912482728,0.0,0.0,0.0,1027.8889912482728
2,2540,0.0,False,0.0,0.0,0.0,1027.8889912482728,0.0,0.0,0.0,1027.8889912482728
2,2545,0.0,False,0.0,0.0,0.0,1027.8889912482728,0.0,0.0,0.0,1027.8889912482728
2,2550,0.0,False,0.0,0.0,0.0,1027.8889912482728,0.0,0.0,0.0,1027.8889912482728
2,2555,0.0,False,0.0,0.0,0.0,1027.8889912482728,0.0,0.0,0.0,1027.8889912482728
2,2560,0.0,False,0.0,0.0,0.0,1027.8889912482728,0.0,0.0,0.0,1027.8889912482728
2,2565,0.0,False,0.0,0.0,0.0,1027.8889912482728,0.0,0.0,0.0,1027.8889912482728
2,2570,0.0,False,0.0,0.0,0.0,1027.8889912482728,0.0,0.0,0.0,1027.8889912482728
2,2575,0.0,False,0.0,0.0,0.0,1027.8889912482728,0.0,0.0,0.0,1027.8889912482728
2,2580,0.0,False,0.0,0.0,0.0,1027.8889912482728,0.0,0.0,0.0,1027.8889912482728
2,2585,0.0,False,0.0,0.0,0.0,1027.8889912482728,0.0,0.0,0.0,1027.8889912482728
2,2590,0.0,False,0.0,0.0,0.0,1027.8889912482728,0.0,0.0,0.0,1027.8889912482728
2,2595,0.0,False,0.0,0.0,0.0,1027.8889912482728,0.0,0.0,0.0,1027.8889912482728
2,2600,0.0,False,0.0,0.0,0.0,1027.8889912482728,0.0,0.0,0.0,1027.8889912482728
2,2605,0.0,False,0.0,0.0,0.0,1027.8889912482728,0.0,0.0,0.0,1027.8889912482728
2,2610,0.0,False,0.0,0.0,0.0,1027.8889912482728,0.0,0.0,0.0,1027.8889912482728
2,2615,0.0,False,0.0,0.0,0.0,1027.8889912482728,0.0,0.0,0.0,1027.8889912482728
2,2620,0.0,False,0.0,0.0,0.0,1027.8889912482728,0.0,0.0,0.0,1027.8889912482728
2,2625,0.0,False,0.0,0.0,0.0,1027.8889912482728,0.0,0.0,0.0,1027.8889912482728
2,2630,0.0,False,0.0,0.0,0.0,1027.8889912482728,0.0,0.0,0.0,1027.8889912482728
2,2635,0.0,False,0.0,0.0,0.0,1027.8889912482728,0.0,0.0,0.0,1027.8889912482728
2,2640,0.0,False,0.0,0.0,0.0,1027.8889912482728,0.0,0.0,0.0,1027.8889912482728
2,2645,0.0,False,0.0,0.0,0.0,1027.8889912482728,0.0,0.0,0.0,1027.8889912482728
2,2650,0.0,False,0.0,0.0,0.0,1027.8889912482728,0.0,0.0,0.0,1027.8889912482728
2,2655,0.0,False,0.0,0.0,0.0,1027.8889912482728,0.0,0.0,0.0,1027.8889912482728
2,2660,0.0,False,0.0,0.0,0.0,1027.8889912482728,0.0,0.0,0.0,1027.8889912482728
2,2665,0.0,False,0.0,0.0,0.0,1027.8889912482728,0.0,0.0,0.0,1027.8889912482728
2,2670,0.0,False,0.0,0.0,0.0,1027.8889912482728,0.0,0.0,0.0,1027.8889912482728
2,2675,0.0,False,0.0,0.0,0.0,1027.8889912482728,0.0,0.0,0.0,1027.8889912482728
2,2680,0.0,False,0.0,0.0,0.0,1027.8889912482728,0.0,0.0,0.0,1027.8889912482728
2,2685,0.0,False,0.0,0.0,0.0,1027.8889912482728,0.0,0.0,0.0,1027.8889912482728
2,2690,0.0,False,0.0,0.0,0.0,1027.8889912482728,0.0,0.0,0.0,1027.8889912482728
2,2695,0.0,False,0.0,0.0,0.0,1027.8889912482728,0.0,0.0,0.0,1027.8889912482728
1,1005,0.4327858322768918,True,-54.36500000000001,4.915902777777778,0.4859003470607219,510.8438507600184,-53.93249999999998,4.8047916666666675,0.46012477696785886,510.6978350990327
1,1010,-2.9324145263037744,False,-47.080000000000005,4.277222222222222,0.405366337279168,542.2736066328881,-49.652499999999996,4.453680555555555,0.4137224170787631,541.5370796867803
1,1015,0.9692217628091152,True,-48.754999999999995,4.398194444444444,0.41492903306300544,574.1119299861815,-47.7875,4.247847222222222,0.4064393220282341,573.1234454168585
1,1020,-1.9607342233493443,False,-48.355000000000004,4.369791666666667,0.4171314631150185,603.5587286964533,-50.09750000000001,4.478055555555556,0.40817824422527654,604.5886688162137
1,1025,-3.5349289470877654,False,-49.89750000000001,4.5656944444444445,0.40663728919999964,632.4380469829572,-52.91250000000001,4.824166666666668,0.40724018570853376,633.9442653155228
1,1030,3.6219185125346014,True,-57.37250000000001,5.179930555555556,0.4417489274749399,663.1308152924919,-53.75249999999999,4.861041666666667,0.4176852686704934,661.8585905112851
1,1035,-4.456234559443335,False,-51.92999999999999,4.747847222222222,0.38318521261694266,688.7167204053432,-55.77250000000002,5.037013888888889,0.41615666994619976,690.3901427913404
1,1040,3.6499909383926257,True,-56.50999999999999,5.103430555555553,0.41507899061798537,717.1087056655919,-52.8625,4.819472222222221,0.4098648874149094,715.322432058959
1,1045,-2.5121558359052374,False,-47.944166666666675,4.306055555555556,0.403252553066913,741.9009672961769,-50.096666666666664,4.485430555555555,0.3982739644833243,742.5730078304929
1,1050,-1.5787088947956458,False,-52.41833333333333,4.757930555555555,0.43412315740107665,767.0188853063105,-53.83750000000001,4.833652777777777,0.4412913219051737,767.7319207738369
1,1055,11.310461434438489,True,-50.263333333333335,4.525138888888889,0.40992704804610747,791.59557807462,-38.95333333333333,3.3674444444444447,0.35999673595175896,791.2303086135421
1,1065,-0.8315516167755932,False,-51.80250000000001,4.653069444444445,0.408175672483961,839.9382772915707,-52.51500000000001,4.712444444444444,0.382084160177001,840.1916167664671
1,1070,-3.1477026606725684,False,-44.22416666666667,3.9963888888888883,0.4004639919594634,861.0119760479042,-46.85916666666667,4.2432638888888885,0.4184323043053992,861.8595117457393
1,1075,-9.585516496656078,False,-42.89083333333334,3.8637083333333333,0.38539078000546884,883.7512666973745,-50.88083333333334,4.643861111111111,0.42009250199896386,884.2012897282358
1,1090,6.157364715874522,True,-39.90166666666667,3.5732916666666665,0.3819553674267096,946.9041916167664,-33.745,3.024083333333333,0.3431235601096196,946.2432058959005
1,1100,1.5431129638580605,True,-32.64833333333333,3.017180555555556,0.3154298979177109,984.4113311837863,-31.105833333333333,2.7950277777777774,0.3149379586064839,983.8079226163059
1,1110,-1.494683835543363,False,-36.63416666666667,3.3024027777777776,0.32203688486254384,1020.1492399815753,-37.791666666666664,3.470666666666667,0.31377972340018967,1020.8185168125287
1,1130,3.114667352981591,True,-32.37500000000001,2.8735833333333334,0.32012775279521494,1081.8866881621373,-29.26083333333333,2.634361111111111,0.2597949926026887,1081.3450023030862
1,1135,-0.6419193874161274,False,-27.168333333333337,2.488111111111111,0.2906837794286279,1093.579917088899,-27.809999999999995,2.465208333333334,0.2853057822092642,1093.8562874251497
1,1140,5.848427340828329,True,-32.700833333333335,2.9164444444444446,0.30060916599929927,1107.1612160294794,-26.85333333333334,2.394152777777778,0.28480493429286646,1106.1345002303085
1,1145,0.759781847667929,True,-33.7625,3.113541666666667,0.36105392982596846,1119.0672501151544,-33.002500000000005,3.0056805555555552,0.3366602769880062,1119.311377245509
1,1165,-4.016620387322585,False,-31.749166666666664,2.9788888888888887,0.32720403140352466,1155.8945186549977,-35.18,3.254375,0.3608102303522447,1157.2915707047443
1,1170,1.9182885622335828,True,-31.00750000000001,2.8688888888888893,0.3047932316645703,1164.055734684477,-29.070000000000007,2.720069444444444,0.3251680283727301,1162.7015200368494
1,1175,-6.975250417834315,False,-25.555000000000003,2.324027777777778,0.2784667297891127,1169.059880239521,-31.424999999999994,2.8572222222222234,0.3158885588729594,1170.742975587287
1,1180,-2.3424703364799107,False,-32.345000000000006,3.1098611111111114,0.3272563990626385,1175.0262551819437,-34.35,3.2781944444444444,0.3273148656561079,1175.9018885306311
1,1185,-6.26302311323632,False,-34.05416666666665,3.302013888888888,0.28457755669577955,1180.9636112390604,-39.299166666666665,3.789166666666668,0.32790117895385495,1181.4288346384155
1,1190,1.05748606953493,True,-30.819166666666668,2.958916666666667,0.3100650981869885,1185.1045601105482,-29.75833333333334,2.850791666666667,0.31338904165184334,1185.1321971441732
1,1195,0.6507957677096721,True,-27.298333333333336,2.635680555555555,0.30697756693704875,1189.3818516812528,-26.647500000000004,2.55938888888889,0.3040006192594766,1189.42653155228
1,1200,2.695354671240215,True,-27.815833333333334,2.7083888888888894,0.30094594065196234,1193.5200368493781,-25.120833333333334,2.4395694444444445,0.2814660236898342,1193.0967296176877
1,1210,-0.2503307203606894,False,-22.2525,2.241375,0.2732741828588358,1198.710271764164,-22.467499999999998,2.259291666666667,0.27059955775694877,1198.1077844311378
1,1220,0.0835340924326265,True,-24.954999999999995,2.5324305555555555,0.27938842639819467,1202.464302164901,-24.85333333333333,2.5415138888888884,0.2787988490799098,1202.4233072316904
1,1225,-0.3568447533028491,False,-20.07416666666666,2.0642638888888896,0.2828276464859204,1203.5637954859512,-20.379166666666666,2.0896805555555553,0.28367488339246416,1203.7614002763703
1,1230,0.9851322737163674,True,-18.13083333333333,1.916097222222222,0.27976807606009096,1204.8770152003685,-17.145833333333336,1.8144305555555553,0.2597460407308915,1204.7176416397974
1,1240,0.2100248246615087,True,-8.345,0.8788194444444443,0.08861136135355989,1206.0635651773375,-8.134999999999998,0.8613194444444444,0.0780187589394159,1206.0336250575772
1,1250,0.0,False,-0.29999999999999993,0.025000000000000005,0.02537844535934611,1205.6531552280055,-0.29999999999999993,0.025000000000000005,0.02537844535934611,1205.6531552280055
1,1255,0.0,False,0.0,0.0,0.0,1205.6107784431138,0.0,0.0,0.0,1205.6107784431138
1,1260,0.0,False,0.0,0.0,0.0,1205.6107784431138,0.0,0.0,0.0,1205.6107784431138
1,1265,0.0,False,0.0,0.0,0.0,1205.6107784431138,0.0,0.0,0.0,1205.6107784431138
1,1270,0.0,False,0.0,0.0,0.0,1205.6107784431138,0.0,0.0,0.0,1205.6107784431138
1,1275,0.0,False,0.0,0.0,0.0,1205.6107784431138,0.0,0.0,0.0,1205.6107784431138
1,1280,0.0,False,0.0,0.0,0.0,1205.6107784431138,0.0,0.0,0.0,1205.6107784431138
1,1285,0.0,False,0.0,0.0,0.0,1205.6107784431138,0.0,0.0,0.0,1205.6107784431138
1,1290,0.0,False,0.0,0.0,0.0,1205.6107784431138,0.0,0.0,0.0,1205.6107784431138
1,1295,0.0,False,0.0,0.0,0.0,1205.6107784431138,0.0,0.0,0.0,1205.6107784431138
1,1300,0.0,False,0.0,0.0,0.0,1205.6107784431138,0.0,0.0,0.0,1205.6107784431138
1,1305,0.0,False,0.0,0.0,0.0,1205.6107784431138,0.0,0.0,0.0,1205.6107784431138
1,1310,0.0,False,0.0,0.0,0.0,1205.6107784431138,0.0,0.0,0.0,1205.6107784431138
1,1315,0.0,False,0.0,0.0,0.0,1205.6107784431138,0.0,0.0,0.0,1205.6107784431138
1,1320,0.0,False,0.0,0.0,0.0,1205.6107784431138,0.0,0.0,0.0,1205.6107784431138
1,1325,0.0,False,0.0,0.0,0.0,1205.6107784431138,0.0,0.0,0.0,1205.6107784431138
1,1330,0.0,False,0.0,0.0,0.0,1205.6107784431138,0.0,0.0,0.0,1205.6107784431138
1,1335,0.0,False,0.0,0.0,0.0,1205.6107784431138,0.0,0.0,0.0,1205.6107784431138
1,1340,0.0,False,0.0,0.0,0.0,1205.6107784431138,0.0,0.0,0.0,1205.6107784431138
1,1345,0.0,False,0.0,0.0,0.0,1205.6107784431138,0.0,0.0,0.0,1205.6107784431138
1,1350,0.0,False,0.0,0.0,0.0,1205.6107784431138,0.0,0.0,0.0,1205.6107784431138
1,1355,0.0,False,0.0,0.0,0.0,1205.6107784431138,0.0,0.0,0.0,1205.6107784431138
1,1360,0.0,False,0.0,0.0,0.0,1205.6107784431138,0.0,0.0,0.0,1205.6107784431138
1,1365,0.0,False,0.0,0.0,0.0,1205.6107784431138,0.0,0.0,0.0,1205.6107784431138
1,1370,0.0,False,0.0,0.0,0.0,1205.6107784431138,0.0,0.0,0.0,1205.6107784431138
1,1375,0.0,False,0.0,0.0,0.0,1205.6107784431138,0.0,0.0,0.0,1205.6107784431138
1,1380,0.0,False,0.0,0.0,0.0,1205.6107784431138,0.0,0.0,0.0,1205.6107784431138
1,1385,0.0,False,0.0,0.0,0.0,1205.6107784431138,0.0,0.0,0.0,1205.6107784431138
1,1390,0.0,False,0.0,0.0,0.0,1205.6107784431138,0.0,0.0,0.0,1205.6107784431138
1,1395,0.0,False,0.0,0.0,0.0,1205.6107784431138,0.0,0.0,0.0,1205.6107784431138
1,1400,0.0,False,0.0,0.0,0.0,1205.6107784431138,0.0,0.0,0.0,1205.6107784431138
1,1405,0.0,False,0.0,0.0,0.0,1205.6107784431138,0.0,0.0,0.0,1205.6107784431138
1,1410,0.0,False,0.0,0.0,0.0,1205.6107784431138,0.0,0.0,0.0,1205.6107784431138
1,1415,0.0,False,0.0,0.0,0.0,1205.6107784431138,0.0,0.0,0.0,1205.6107784431138
1,1420,0.0,False,0.0,0.0,0.0,1205.6107784431138,0.0,0.0,0.0,1205.6107784431138
1,1425,0.0,False,0.0,0.0,0.0,1205.6107784431138,0.0,0.0,0.0,1205.6107784431138
1,1430,0.0,False,0.0,0.0,0.0,1205.6107784431138,0.0,0.0,0.0,1205.6107784431138
1,1435,0.0,False,0.0,0.0,0.0,1205.6107784431138,0.0,0.0,0.0,1205.6107784431138
1,1440,0.0,False,0.0,0.0,0.0,1205.6107784431138,0.0,0.0,0.0,1205.6107784431138
1,1445,0.0,False,0.0,0.0,0.0,1205.6107784431138,0.0,0.0,0.0,1205.6107784431138
1,1450,0.0,False,0.0,0.0,0.0,1205.6107784431138,0.0,0.0,0.0,1205.6107784431138
1,1455,0.0,False,0.0,0.0,0.0,1205.6107784431138,0.0,0.0,0.0,1205.6107784431138
1,1460,0.0,False,0.0,0.0,0.0,1205.6107784431138,0.0,0.0,0.0,1205.6107784431138
1,1465,0.0,False,0.0,0.0,0.0,1205.6107784431138,0.0,0.0,0.0,1205.6107784431138
1,1470,0.0,False,0.0,0.0,0.0,1205.6107784431138,0.0,0.0,0.0,1205.6107784431138
1,1475,0.0,False,0.0,0.0,0.0,1205.6107784431138,0.0,0.0,0.0,1205.6107784431138
1,1480,0.0,False,0.0,0.0,0.0,1205.6107784431138,0.0,0.0,0.0,1205.6107784431138
1,1485,0.0,False,0.0,0.0,0.0,1205.6107784431138,0.0,0.0,0.0,1205.6107784431138
1,1490,0.0,False,0.0,0.0,0.0,1205.6107784431138,0.0,0.0,0.0,1205.6107784431138
1,1495,0.0,False,0.0,0.0,0.0,1205.6107784431138,0.0,0.0,0.0,1205.6107784431138
1,1500,0.0,False,0.0,0.0,0.0,1205.6107784431138,0.0,0.0,0.0,1205.6107784431138
1,1505,0.0,False,0.0,0.0,0.0,1205.6107784431138,0.0,0.0,0.0,1205.6107784431138
1,1510,0.0,False,0.0,0.0,0.0,1205.6107784431138,0.0,0.0,0.0,1205.6107784431138
1,1515,0.0,False,0.0,0.0,0.0,1205.6107784431138,0.0,0.0,0.0,1205.6107784431138
1,1520,0.0,False,0.0,0.0,0.0,1205.6107784431138,0.0,0.0,0.0,1205.6107784431138
1,1525,0.0,False,0.0,0.0,0.0,1205.6107784431138,0.0,0.0,0.0,1205.6107784431138
1,1530,0.0,False,0.0,0.0,0.0,1205.6107784431138,0.0,0.0,0.0,1205.6107784431138
1,1535,0.0,False,0.0,0.0,0.0,1205.6107784431138,0.0,0.0,0.0,1205.6107784431138
1,1540,0.0,False,0.0,0.0,0.0,1205.6107784431138,0.0,0.0,0.0,1205.6107784431138
1,1545,0.0,False,0.0,0.0,0.0,1205.6107784431138,0.0,0.0,0.0,1205.6107784431138
1,1550,0.0,False,0.0,0.0,0.0,1205.6107784431138,0.0,0.0,0.0,1205.6107784431138
1,1555,0.0,False,0.0,0.0,0.0,1205.6107784431138,0.0,0.0,0.0,1205.6107784431138
1,1560,0.0,False,0.0,0.0,0.0,1205.6107784431138,0.0,0.0,0.0,1205.6107784431138
1,1565,0.0,False,0.0,0.0,0.0,1205.6107784431138,0.0,0.0,0.0,1205.6107784431138
1,1570,0.0,False,0.0,0.0,0.0,1205.6107784431138,0.0,0.0,0.0,1205.6107784431138
1,1575,0.0,False,0.0,0.0,0.0,1205.6107784431138,0.0,0.0,0.0,1205.6107784431138
1,1580,0.0,False,0.0,0.0,0.0,1205.6107784431138,0.0,0.0,0.0,1205.6107784431138
1,1585,0.0,False,0.0,0.0,0.0,1205.6107784431138,0.0,0.0,0.0,1205.6107784431138
1,1590,0.0,False,0.0,0.0,0.0,1205.6107784431138,0.0,0.0,0.0,1205.6107784431138
1,1595,0.0,False,0.0,0.0,0.0,1205.6107784431138,0.0,0.0,0.0,1205.6107784431138
1,1600,0.0,False,0.0,0.0,0.0,1205.6107784431138,0.0,0.0,0.0,1205.6107784431138
1,1605,0.0,False,0.0,0.0,0.0,1205.6107784431138,0.0,0.0,0.0,1205.6107784431138
1,1610,0.0,False,0.0,0.0,0.0,1205.6107784431138,0.0,0.0,0.0,1205.6107784431138
1,1615,0.0,False,0.0,0.0,0.0,1205.6107784431138,0.0,0.0,0.0,1205.6107784431138
1,1620,0.0,False,0.0,0.0,0.0,1205.6107784431138,0.0,0.0,0.0,1205.6107784431138
1,1625,0.0,False,0.0,0.0,0.0,1205.6107784431138,0.0,0.0,0.0,1205.6107784431138
1,1630,0.0,False,0.0,0.0,0.0,1205.6107784431138,0.0,0.0,0.0,1205.6107784431138
1,1635,0.0,False,0.0,0.0,0.0,1205.6107784431138,0.0,0.0,0.0,1205.6107784431138
1,1640,0.0,False,0.0,0.0,0.0,1205.6107784431138,0.0,0.0,0.0,1205.6107784431138
1,1645,0.0,False,0.0,0.0,0.0,1205.6107784431138,0.0,0.0,0.0,1205.6107784431138
1,1650,0.0,False,0.0,0.0,0.0,1205.6107784431138,0.0,0.0,0.0,1205.6107784431138
1,1655,0.0,False,0.0,0.0,0.0,1205.6107784431138,0.0,0.0,0.0,1205.6107784431138
1,1660,0.0,False,0.0,0.0,0.0,1205.6107784431138,0.0,0.0,0.0,1205.6107784431138
1,1665,0.0,False,0.0,0.0,0.0,1205.6107784431138,0.0,0.0,0.0,1205.6107784431138
1,1670,0.0,False,0.0,0.0,0.0,1205.6107784431138,0.0,0.0,0.0,1205.6107784431138
1,1675,0.0,False,0.0,0.0,0.0,1205.6107784431138,0.0,0.0,0.0,1205.6107784431138
1,1680,0.0,False,0.0,0.0,0.0,1205.6107784431138,0.0,0.0,0.0,1205.6107784431138
1,1685,0.0,False,0.0,0.0,0.0,1205.6107784431138,0.0,0.0,0.0,1205.6107784431138
1,1690,0.0,False,0.0,0.0,0.0,1205.6107784431138,0.0,0.0,0.0,1205.6107784431138
1,1695,0.0,False,0.0,0.0,0.0,1205.6107784431138,0.0,0.0,0.0,1205.6107784431138
1,1700,0.0,False,0.0,0.0,0.0,1205.6107784431138,0.0,0.0,0.0,1205.6107784431138
1,1705,0.0,False,0.0,0.0,0.0,1205.6107784431138,0.0,0.0,0.0,1205.6107784431138
1,1710,0.0,False,0.0,0.0,0.0,1205.6107784431138,0.0,0.0,0.0,1205.6107784431138
1,1715,0.0,False,0.0,0.0,0.0,1205.6107784431138,0.0,0.0,0.0,1205.6107784431138
1,1720,0.0,False,0.0,0.0,0.0,1205.6107784431138,0.0,0.0,0.0,1205.6107784431138
1,1725,0.0,False,0.0,0.0,0.0,1205.6107784431138,0.0,0.0,0.0,1205.6107784431138
1,1730,0.0,False,0.0,0.0,0.0,1205.6107784431138,0.0,0.0,0.0,1205.6107784431138
1,1735,0.0,False,0.0,0.0,0.0,1205.6107784431138,0.0,0.0,0.0,1205.6107784431138
1,1740,0.0,False,0.0,0.0,0.0,1205.6107784431138,0.0,0.0,0.0,1205.6107784431138
1,1745,0.0,False,0.0,0.0,0.0,1205.6107784431138,0.0,0.0,0.0,1205.6107784431138
1,1750,0.0,False,0.0,0.0,0.0,1205.6107784431138,0.0,0.0,0.0,1205.6107784431138
1,1755,0.0,False,0.0,0.0,0.0,1205.6107784431138,0.0,0.0,0.0,1205.6107784431138
1,1760,0.0,False,0.0,0.0,0.0,1205.6107784431138,0.0,0.0,0.0,1205.6107784431138
1,1765,0.0,False,0.0,0.0,0.0,1205.6107784431138,0.0,0.0,0.0,1205.6107784431138
1,1770,0.0,False,0.0,0.0,0.0,1205.6107784431138,0.0,0.0,0.0,1205.6107784431138
1,1775,0.0,False,0.0,0.0,0.0,1205.6107784431138,0.0,0.0,0.0,1205.6107784431138
1,1780,0.0,False,0.0,0.0,0.0,1205.6107784431138,0.0,0.0,0.0,1205.6107784431138
1,1785,0.0,False,0.0,0.0,0.0,1205.6107784431138,0.0,0.0,0.0,1205.6107784431138
1,1790,0.0,False,0.0,0.0,0.0,1205.6107784431138,0.0,0.0,0.0,1205.6107784431138
1,1795,0.0,False,0.0,0.0,0.0,1205.6107784431138,0.0,0.0,0.0,1205.6107784431138
2,1800,4.182354329646613,True,-20.315,1.719652777777778,0.2869290284728699,53.72463768115942,-16.352500000000003,1.2078472222222223,0.26689428154276307,41.91304347826087
2,1805,-1.9373479694908253,False,-30.59,2.5790277777777777,0.39575405554329113,69.69827586206897,-32.4,2.6420833333333333,0.3635491852341069,69.78448275862068
2,1810,0.25068378137525066,True,-36.43333333333333,2.907777777777777,0.4312754778348457,74.89072164948453,-36.23416666666667,2.857930555555556,0.44657737089014776,69.88659793814433
2,1815,2.225281062680115,True,-43.891666666666666,3.635944444444445,0.4245257315795263,93.48695652173913,-41.69666666666667,3.453027777777778,0.4316923481850524,89.98608695652175
2,1825,-5.152142698423635,False,-40.80583333333334,3.275513888888889,0.454528144628183,120.12662721893491,-45.23083333333333,3.6419027777777777,0.43120445629682147,119.44970414201184
2,1835,1.675815745293193,True,-56.01916666666666,4.9546527777777785,0.50570443490345,158.5361216730038,-54.34666666666667,4.739444444444445,0.4953518045196911,158.01045627376425
2,1840,3.058859348125967,True,-54.59,4.8889861111111115,0.5271479876551451,170.12531328320802,-51.5325,4.558569444444444,0.5403388261329932,167.6499582289056
2,1850,1.8776587516226764,True,-62.14083333333333,5.473305555555556,0.5632447530344458,200.68385345997285,-60.26833333333333,5.380458333333333,0.5625566220677389,199.64857530529173
2,1860,-1.5431146626364187,False,-59.954166666666666,5.28911111111111,0.5952702699483079,234.62732558139535,-61.31916666666667,5.376541666666666,0.5678382208532544,235.39069767441862
2,1865,-1.1226264980270497,False,-65.23166666666665,5.739611111111111,0.5997922699291884,255.25423728813558,-66.15166666666667,5.837041666666667,0.6120172378758272,254.1159103335156
2,1870,-3.5974081068976194,False,-68.07,5.9540000000000015,0.5051429725018883,271.6194600101885,-71.1,6.218166666666666,0.5472917029557607,270.7845134997453
2,1875,-4.717739320396369,False,-72.94583333333335,6.298791666666667,0.5369695512855824,292.8018455560952,-76.97833333333334,6.634833333333334,0.5483175470269915,293.3312287518213
2,1880,-1.2949458155355011,False,-73.75250000000001,6.4200694444444455,0.5561289587174668,310.5665591893137,-74.86,6.512361111111111,0.538409772204043,311.45555043758634
2,1885,2.4511719025296594,True,-72.21166666666667,6.213680555555555,0.6235710933104223,345.09074159373563,-69.75916666666667,6.015347222222222,0.6005975155298449,345.5490557346845
2,1890,3.1346258205742528,True,-73.0025,6.387152777777777,0.5340369704913798,377.91893136803316,-69.8675,6.125902777777778,0.5101867768065075,378.06034085674804
2,1895,-5.470096385893588,False,-65.07583333333334,5.730583333333334,0.5585603184220178,410.5923537540304,-69.7625,6.122777777777778,0.556596722687836,410.19852602487333
2,1900,1.5326670666033462,True,-70.97333333333333,6.191152777777777,0.5300767747791229,442.81298940580376,-69.43833333333333,6.063236111111111,0.5344859615993549,441.89359742054353
2,1915,0.909758489592547,True,-69.54583333333333,6.061430555555555,0.5398727362598553,532.5587286964533,-68.63583333333332,5.985597222222222,0.541754122638725,531.6853984339015
2,1920,6.777521308040515,True,-68.02999999999999,5.919986111111111,0.5611550962293973,560.1372639336711,-61.244166666666665,5.331791666666667,0.5692714071730535,560.2468908337172
2,1925,8.25896546914966,True,-69.79833333333335,6.070791666666667,0.573959248492907,588.7098111469369,-61.54083333333333,5.4520277777777775,0.5607297211202024,587.847075080608
2,1930,6.233028916073643,True,-66.50916666666664,5.731541666666668,0.5697388333360323,615.705204974666,-60.276666666666664,5.296444444444445,0.5481440789130148,615.3795485951175
2,1940,3.3499372951068938,True,-54.83750000000001,4.782763888888889,0.5137477013320841,666.557346844772,-51.49000000000001,4.480472222222223,0.5017425603755132,664.9327498848457
2,1945,8.522770956590232,True,-53.88916666666668,4.645861111111111,0.5061818247728718,690.1865499769691,-45.36666666666667,3.973902777777778,0.4467309361826583,689.9995393827729
2,1950,1.5304672109059831,True,-48.4,4.364138888888889,0.4388988816732772,712.7964071856287,-46.87,4.183583333333334,0.41836013840928327,712.4633809304468
2,1955,0.5950445003519491,True,-51.150000000000006,4.500944444444444,0.5264441414789413,734.9115614923999,-50.554999999999986,4.425249999999999,0.5068566297472709,734.8788576692768
2,1970,6.576650119799214,True,-46.7625,4.191194444444445,0.41386230165809185,796.2809765085215,-40.18666666666666,3.5964305555555556,0.380225806371408,795.6305849838784
2,1975,-6.570093089816568,False,-34.8875,3.1045,0.3490816705293536,812.8793182865039,-40.4925,3.586527777777779,0.34787648101993773,813.7227084292953
2,1980,-4.799861670282035,False,-38.34416666666666,3.4411805555555555,0.38789489367598357,831.3929064947029,-42.490833333333335,3.7673750000000004,0.3761322399427236,832.0631045601106
2,1985,1.451082573530838,True,-36.48833333333334,3.274194444444445,0.37632884473584766,848.2713035467526,-35.0375,3.206944444444445,0.36927535061712674,848.0598802395209
2,2015,-4.9265774688920505,False,-28.733333333333334,2.5261388888888887,0.26532862024261233,931.4113311837863,-32.9,2.900416666666666,0.2746369788844882,933.3178258866882
2,2020,-5.52254170015488,False,-30.399166666666662,2.7271805555555555,0.25879352549423495,942.8268079226164,-34.954166666666666,3.186486111111111,0.30607819248210794,944.3786273606632
2,2025,-1.7171897359531434,False,-32.9375,2.9989583333333334,0.28983912389503186,954.858129894058,-34.52499999999999,3.061250000000001,0.29445830921545046,955.3233532934132
2,2040,-11.366847975295858,False,-19.397499999999997,1.622638888888889,0.17796662750342757,981.4596959926301,-29.058333333333334,2.4381944444444446,0.2521858919302142,982.1312759097191
2,2045,5.948346775506788,True,-31.045000000000005,2.8215277777777783,0.33962802061164715,990.0184246890834,-25.097500000000004,2.2882638888888893,0.3105796861655785,989.1801013357899
2,2065,1.9373714232401502,True,-28.475,2.6398472222222225,0.3073327174052899,1010.2197144173192,-26.52500000000001,2.4134027777777787,0.3198929005443418,1010.2888070013819
2,2070,-0.7763781151321095,False,-26.875000000000007,2.4995138888888886,0.32296739175730066,1014.0396130815293,-27.4825,2.5745138888888888,0.34171196036616724,1014.1750345462921
2,2080,-1.6267826612888137,False,-19.1225,1.7815972222222218,0.27329361075560493,1018.7696913864579,-20.439999999999998,1.9354583333333333,0.27504213626419344,1018.5780746199908
2,2095,-4.957510808143731,False,-5.842499999999999,0.4896527777777777,0.16305879656902728,1021.3201289728236,-10.05,0.8604166666666669,0.1710831580938813,1021.7885766927683
2,2100,0.3800924062358432,True,-6.109999999999999,0.578888888888889,0.1890398839838974,1021.863196683556,-5.7299999999999995,0.5289583333333334,0.1697805932349351,1021.7687701520036
2,2110,0.0,False,-0.23999999999999994,0.02,0.02045138701387014,1021.4035006909259,-0.23999999999999994,0.02,0.02045138701387014,1021.4035006909259
2,2115,0.0,False,0.0,0.0,0.0,1021.3666513127591,0.0,0.0,0.0,1021.3666513127591
2,2120,0.0,False,0.0,0.0,0.0,1021.3666513127591,0.0,0.0,0.0,1021.3666513127591
2,2125,0.0,False,0.0,0.0,0.0,1021.3666513127591,0.0,0.0,0.0,1021.3666513127591
2,2130,0.0,False,0.0,0.0,0.0,1021.3666513127591,0.0,0.0,0.0,1021.3666513127591
2,2135,0.0,False,0.0,0.0,0.0,1021.3666513127591,0.0,0.0,0.0,1021.3666513127591
2,2140,0.0,False,0.0,0.0,0.0,1021.3666513127591,0.0,0.0,0.0,1021.3666513127591
2,2145,0.0,False,0.0,0.0,0.0,1021.3666513127591,0.0,0.0,0.0,1021.3666513127591
2,2150,0.0,False,0.0,0.0,0.0,1021.3666513127591,0.0,0.0,0.0,1021.3666513127591
2,2155,0.0,False,0.0,0.0,0.0,1021.3666513127591,0.0,0.0,0.0,1021.3666513127591
2,2160,0.0,False,0.0,0.0,0.0,1021.3666513127591,0.0,0.0,0.0,1021.3666513127591
2,2165,0.0,False,0.0,0.0,0.0,1021.3666513127591,0.0,0.0,0.0,1021.3666513127591
2,2170,0.0,False,0.0,0.0,0.0,1021.3666513127591,0.0,0.0,0.0,1021.3666513127591
2,2175,0.0,False,0.0,0.0,0.0,1021.3666513127591,0.0,0.0,0.0,1021.3666513127591
2,2180,0.0,False,0.0,0.0,0.0,1021.3666513127591,0.0,0.0,0.0,1021.3666513127591
2,2185,0.0,False,0.0,0.0,0.0,1021.3666513127591,0.0,0.0,0.0,1021.3666513127591
2,2190,0.0,False,0.0,0.0,0.0,1021.3666513127591,0.0,0.0,0.0,1021.3666513127591
2,2195,0.0,False,0.0,0.0,0.0,1021.3666513127591,0.0,0.0,0.0,1021.3666513127591
2,2200,0.0,False,0.0,0.0,0.0,1021.3666513127591,0.0,0.0,0.0,1021.3666513127591
2,2205,0.0,False,0.0,0.0,0.0,1021.3666513127591,0.0,0.0,0.0,1021.3666513127591
2,2210,0.0,False,0.0,0.0,0.0,1021.3666513127591,0.0,0.0,0.0,1021.3666513127591
2,2215,0.0,False,0.0,0.0,0.0,1021.3666513127591,0.0,0.0,0.0,1021.3666513127591
2,2220,0.0,False,0.0,0.0,0.0,1021.3666513127591,0.0,0.0,0.0,1021.3666513127591
2,2225,0.0,False,0.0,0.0,0.0,1021.3666513127591,0.0,0.0,0.0,1021.3666513127591
2,2230,0.0,False,0.0,0.0,0.0,1021.3666513127591,0.0,0.0,0.0,1021.3666513127591
2,2235,0.0,False,0.0,0.0,0.0,1021.3666513127591,0.0,0.0,0.0,1021.3666513127591
2,2240,0.0,False,0.0,0.0,0.0,1021.3666513127591,0.0,0.0,0.0,1021.3666513127591
2,2245,0.0,False,0.0,0.0,0.0,1021.3666513127591,0.0,0.0,0.0,1021.3666513127591
2,2250,0.0,False,0.0,0.0,0.0,1021.3666513127591,0.0,0.0,0.0,1021.3666513127591
2,2255,0.0,False,0.0,0.0,0.0,1021.3666513127591,0.0,0.0,0.0,1021.3666513127591
2,2260,0.0,False,0.0,0.0,0.0,1021.3666513127591,0.0,0.0,0.0,1021.3666513127591
2,2265,0.0,False,0.0,0.0,0.0,1021.3666513127591,0.0,0.0,0.0,1021.3666513127591
2,2270,0.0,False,0.0,0.0,0.0,1021.3666513127591,0.0,0.0,0.0,1021.3666513127591
2,2275,0.0,False,0.0,0.0,0.0,1021.3666513127591,0.0,0.0,0.0,1021.3666513127591
2,2280,0.0,False,0.0,0.0,0.0,1021.3666513127591,0.0,0.0,0.0,1021.3666513127591
2,2285,0.0,False,0.0,0.0,0.0,1021.3666513127591,0.0,0.0,0.0,1021.3666513127591
2,2290,0.0,False,0.0,0.0,0.0,1021.3666513127591,0.0,0.0,0.0,1021.3666513127591
2,2295,0.0,False,0.0,0.0,0.0,1021.3666513127591,0.0,0.0,0.0,1021.3666513127591
2,2300,0.0,False,0.0,0.0,0.0,1021.3666513127591,0.0,0.0,0.0,1021.3666513127591
2,2305,0.0,False,0.0,0.0,0.0,1021.3666513127591,0.0,0.0,0.0,1021.3666513127591
2,2310,0.0,False,0.0,0.0,0.0,1021.3666513127591,0.0,0.0,0.0,1021.3666513127591
2,2315,0.0,False,0.0,0.0,0.0,1021.3666513127591,0.0,0.0,0.0,1021.3666513127591
2,2320,0.0,False,0.0,0.0,0.0,1021.3666513127591,0.0,0.0,0.0,1021.3666513127591
2,2325,0.0,False,0.0,0.0,0.0,1021.3666513127591,0.0,0.0,0.0,1021.3666513127591
2,2330,0.0,False,0.0,0.0,0.0,1021.3666513127591,0.0,0.0,0.0,1021.3666513127591
2,2335,0.0,False,0.0,0.0,0.0,1021.3666513127591,0.0,0.0,0.0,1021.3666513127591
2,2340,0.0,False,0.0,0.0,0.0,1021.3666513127591,0.0,0.0,0.0,1021.3666513127591
2,2345,0.0,False,0.0,0.0,0.0,1021.3666513127591,0.0,0.0,0.0,1021.3666513127591
2,2350,0.0,False,0.0,0.0,0.0,1021.3666513127591,0.0,0.0,0.0,1021.3666513127591
2,2355,0.0,False,0.0,0.0,0.0,1021.3666513127591,0.0,0.0,0.0,1021.3666513127591
2,2360,0.0,False,0.0,0.0,0.0,1021.3666513127591,0.0,0.0,0.0,1021.3666513127591
2,2365,0.0,False,0.0,0.0,0.0,1021.3666513127591,0.0,0.0,0.0,1021.3666513127591
2,2370,0.0,False,0.0,0.0,0.0,1021.3666513127591,0.0,0.0,0.0,1021.3666513127591
2,2375,0.0,False,0.0,0.0,0.0,1021.3666513127591,0.0,0.0,0.0,1021.3666513127591
2,2380,0.0,False,0.0,0.0,0.0,1021.3666513127591,0.0,0.0,0.0,1021.3666513127591
2,2385,0.0,False,0.0,0.0,0.0,1021.3666513127591,0.0,0.0,0.0,1021.3666513127591
2,2390,0.0,False,0.0,0.0,0.0,1021.3666513127591,0.0,0.0,0.0,1021.3666513127591
2,2395,0.0,False,0.0,0.0,0.0,1021.3666513127591,0.0,0.0,0.0,1021.3666513127591
2,2400,0.0,False,0.0,0.0,0.0,1021.3666513127591,0.0,0.0,0.0,1021.3666513127591
2,2405,0.0,False,0.0,0.0,0.0,1021.3666513127591,0.0,0.0,0.0,1021.3666513127591
2,2410,0.0,False,0.0,0.0,0.0,1021.3666513127591,0.0,0.0,0.0,1021.3666513127591
2,2415,0.0,False,0.0,0.0,0.0,1021.3666513127591,0.0,0.0,0.0,1021.3666513127591
2,2420,0.0,False,0.0,0.0,0.0,1021.3666513127591,0.0,0.0,0.0,1021.3666513127591
2,2425,0.0,False,0.0,0.0,0.0,1021.3666513127591,0.0,0.0,0.0,1021.3666513127591
2,2430,0.0,False,0.0,0.0,0.0,1021.3666513127591,0.0,0.0,0.0,1021.3666513127591
2,2435,0.0,False,0.0,0.0,0.0,1021.3666513127591,0.0,0.0,0.0,1021.3666513127591
2,2440,0.0,False,0.0,0.0,0.0,1021.3666513127591,0.0,0.0,0.0,1021.3666513127591
2,2445,0.0,False,0.0,0.0,0.0,1021.3666513127591,0.0,0.0,0.0,1021.3666513127591
2,2450,0.0,False,0.0,0.0,0.0,1021.3666513127591,0.0,0.0,0.0,1021.3666513127591
2,2455,0.0,False,0.0,0.0,0.0,1021.3666513127591,0.0,0.0,0.0,1021.3666513127591
2,2460,0.0,False,0.0,0.0,0.0,1021.3666513127591,0.0,0.0,0.0,1021.3666513127591
2,2465,0.0,False,0.0,0.0,0.0,1021.3666513127591,0.0,0.0,0.0,1021.3666513127591
2,2470,0.0,False,0.0,0.0,0.0,1021.3666513127591,0.0,0.0,0.0,1021.3666513127591
2,2475,0.0,False,0.0,0.0,0.0,1021.3666513127591,0.0,0.0,0.0,1021.3666513127591
2,2480,0.0,False,0.0,0.0,0.0,1021.3666513127591,0.0,0.0,0.0,1021.3666513127591
2,2485,0.0,False,0.0,0.0,0.0,1021.3666513127591,0.0,0.0,0.0,1021.3666513127591
2,2490,0.0,False,0.0,0.0,0.0,1021.3666513127591,0.0,0.0,0.0,1021.3666513127591
2,2495,0.0,False,0.0,0.0,0.0,1021.3666513127591,0.0,0.0,0.0,1021.3666513127591
2,2500,0.0,False,0.0,0.0,0.0,1021.3666513127591,0.0,0.0,0.0,1021.3666513127591
2,2505,0.0,False,0.0,0.0,0.0,1021.3666513127591,0.0,0.0,0.0,1021.3666513127591
2,2510,0.0,False,0.0,0.0,0.0,1021.3666513127591,0.0,0.0,0.0,1021.3666513127591
2,2515,0.0,False,0.0,0.0,0.0,1021.3666513127591,0.0,0.0,0.0,1021.3666513127591
2,2520,0.0,False,0.0,0.0,0.0,1021.3666513127591,0.0,0.0,0.0,1021.3666513127591
2,2525,0.0,False,0.0,0.0,0.0,1021.3666513127591,0.0,0.0,0.0,1021.3666513127591
2,2530,0.0,False,0.0,0.0,0.0,1021.3666513127591,0.0,0.0,0.0,1021.3666513127591
2,2535,0.0,False,0.0,0.0,0.0,1021.3666513127591,0.0,0.0,0.0,1021.3666513127591
2,2540,0.0,False,0.0,0.0,0.0,1021.3666513127591,0.0,0.0,0.0,1021.3666513127591
2,2545,0.0,False,0.0,0.0,0.0,1021.3666513127591,0.0,0.0,0.0,1021.3666513127591
2,2550,0.0,False,0.0,0.0,0.0,1021.3666513127591,0.0,0.0,0.0,1021.3666513127591
2,2555,0.0,False,0.0,0.0,0.0,1021.3666513127591,0.0,0.0,0.0,1021.3666513127591
2,2560,0.0,False,0.0,0.0,0.0,1021.3666513127591,0.0,0.0,0.0,1021.3666513127591
2,2565,0.0,False,0.0,0.0,0.0,1021.3666513127591,0.0,0.0,0.0,1021.3666513127591
2,2570,0.0,False,0.0,0.0,0.0,1021.3666513127591,0.0,0.0,0.0,1021.3666513127591
2,2575,0.0,False,0.0,0.0,0.0,1021.3666513127591,0.0,0.0,0.0,1021.3666513127591
2,2580,0.0,False,0.0,0.0,0.0,1021.3666513127591,0.0,0.0,0.0,1021.3666513127591
2,2585,0.0,False,0.0,0.0,0.0,1021.3666513127591,0.0,0.0,0.0,1021.3666513127591
2,2590,0.0,False,0.0,0.0,0.0,1021.3666513127591,0.0,0.0,0.0,1021.3666513127591
2,2595,0.0,False,0.0,0.0,0.0,1021.3666513127591,0.0,0.0,0.0,1021.3666513127591
2,2600,0.0,False,0.0,0.0,0.0,1021.3666513127591,0.0,0.0,0.0,1021.3666513127591
2,2605,0.0,False,0.0,0.0,0.0,1021.3666513127591,0.0,0.0,0.0,1021.3666513127591
2,2610,0.0,False,0.0,0.0,0.0,1021.3666513127591,0.0,0.0,0.0,1021.3666513127591
2,2615,0.0,False,0.0,0.0,0.0,1021.3666513127591,0.0,0.0,0.0,1021.3666513127591
2,2620,0.0,False,0.0,0.0,0.0,1021.3666513127591,0.0,0.0,0.0,1021.3666513127591
2,2625,0.0,False,0.0,0.0,0.0,1021.3666513127591,0.0,0.0,0.0,1021.3666513127591
2,2630,0.0,False,0.0,0.0,0.0,1021.3666513127591,0.0,0.0,0.0,1021.3666513127591
2,2635,0.0,False,0.0,0.0,0.0,1021.3666513127591,0.0,0.0,0.0,1021.3666513127591
2,2640,0.0,False,0.0,0.0,0.0,1021.3666513127591,0.0,0.0,0.0,1021.3666513127591
2,2645,0.0,False,0.0,0.0,0.0,1021.3666513127591,0.0,0.0,0.0,1021.3666513127591
2,2650,0.0,False,0.0,0.0,0.0,1021.3666513127591,0.0,0.0,0.0,1021.3666513127591
2,2655,0.0,False,0.0,0.0,0.0,1021.3666513127591,0.0,0.0,0.0,1021.3666513127591
2,2660,0.0,False,0.0,0.0,0.0,1021.3666513127591,0.0,0.0,0.0,1021.3666513127591
2,2665,0.0,False,0.0,0.0,0.0,1021.3666513127591,0.0,0.0,0.0,1021.3666513127591
2,2670,0.0,False,0.0,0.0,0.0,1021.3666513127591,0.0,0.0,0.0,1021.3666513127591
2,2675,0.0,False,0.0,0.0,0.0,1021.3666513127591,0.0,0.0,0.0,1021.3666513127591
2,2680,0.0,False,0.0,0.0,0.0,1021.3666513127591,0.0,0.0,0.0,1021.3666513127591
2,2685,0.0,False,0.0,0.0,0.0,1021.3666513127591,0.0,0.0,0.0,1021.3666513127591
2,2690,0.0,False,0.0,0.0,0.0,1021.3666513127591,0.0,0.0,0.0,1021.3666513127591
2,2695,0.0,False,0.0,0.0,0.0,1021.3666513127591,0.0,0.0,0.0,1021.3666513127591
1,1005,-2.688919995281154,False,-55.755,4.863611111111111,0.6110520472195763,505.6084753569784,-58.31749999999999,4.922430555555556,0.6197611833765587,505.644864117918
1,1010,1.6813885967653985,True,-58.05583333333334,4.840583333333334,0.5680956708811924,536.9912482726854,-56.35583333333333,4.777388888888889,0.5866393099556677,537.0276370336251
1,1015,0.44774939783015566,True,-53.031666666666666,4.656916666666666,0.5299587882233276,567.0036849378167,-52.58416666666667,4.546291666666667,0.5137508017292107,566.8622754491018
1,1020,1.0703139138657376,True,-54.29166666666666,4.740166666666667,0.5379641077274708,597.2058959005067,-53.22166666666666,4.580791666666666,0.5221655381295622,597.0184246890834
1,1025,-5.616697530755997,False,-50.05416666666667,4.4411805555555555,0.4964820870894898,623.7231690465223,-54.811666666666675,4.85263888888889,0.5300024521621172,625.4449562413635
1,1030,-5.999681089092762,False,-53.82000000000001,4.729597222222223,0.5124676786282429,652.7231690465223,-58.94250000000002,5.164319444444442,0.5176405681268184,654.3965914325196
1,1035,0.4749898885032422,True,-53.2125,4.843194444444444,0.4864957016596797,680.6038691847075,-52.727500000000006,4.654416666666666,0.49908704165606205,678.847075080608
1,1040,-2.495634916927768,False,-58.510833333333345,5.20311111111111,0.5132457620170753,705.7254721326577,-60.68333333333335,5.361513888888889,0.5184583774212476,706.5135882081989
1,1045,-16.912731076361695,False,-41.798333333333325,3.627069444444445,0.4123193479289212,729.4007369875634,-56.04249999999999,4.918680555555555,0.4970811860680627,729.8240442192538
1,1055,11.594992760893106,True,-52.469999999999985,4.747652777777778,0.47150093391295655,776.3800092123446,-40.876666666666665,3.699972222222222,0.41668075528140075,775.0916628281898
1,1060,-2.192393612261854,False,-47.00083333333334,4.292791666666667,0.4058960440740458,796.5997236296638,-48.93583333333333,4.420638888888889,0.40665385474125915,797.349608475357
1,1065,-8.074139611212246,False,-44.41166666666666,3.9949583333333343,0.3750963041520914,818.2906494702902,-51.30833333333332,4.577847222222222,0.3847881036417136,819.9299861814832
1,1070,2.800758221657478,True,-45.62833333333333,4.0873333333333335,0.3854563694524976,839.5605711653616,-42.82833333333334,3.854,0.36063720875394384,838.9239981575311
1,1075,3.768452896473002,True,-41.016666666666666,3.6848333333333327,0.3669135556686946,859.4610778443114,-37.24916666666666,3.359625,0.3328853378089483,858.6421004145556
1,1080,-2.0040058175119317,False,-38.263333333333335,3.399388888888889,0.3435748735896444,879.0110548134501,-40.053333333333335,3.5065416666666662,0.33167633204995445,878.7475817595578
1,1085,-1.9467740163825416,False,-35.13416666666667,3.1234305555555557,0.36923511862413566,897.2989405803777,-36.914166666666674,3.206902777777778,0.34253870208615494,897.1460156609858
1,1105,4.922285379414778,True,-26.901666666666667,2.2550972222222225,0.22398106568426837,963.6407185628742,-21.979166666666668,1.845097222222222,0.2174261434407535,963.8475356978352
1,1115,-6.863417484211768,False,-27.020833333333332,2.369652777777778,0.25494579183333904,993.9580838323353,-32.81583333333334,2.9034444444444443,0.25306471756399407,994.7871948410871
1,1120,-12.071035369095668,False,-23.029166666666665,1.9384305555555557,0.20506760436039018,1007.5831414094887,-33.09583333333333,2.9179722222222226,0.2491538674597516,1008.7913403961309
1,1145,-4.086696774505498,False,-27.44,2.428583333333334,0.30358432722242407,1064.6748042376785,-30.955000000000002,2.7067777777777775,0.3181584612615333,1065.4560110548134
1,1150,0.6635074018585909,True,-28.104166666666668,2.607361111111111,0.3211582475721963,1074.1492399815754,-27.433333333333334,2.5166111111111107,0.32851719822636594,1074.11377245509
1,1175,2.1728206651915194,True,-24.407500000000002,2.289166666666666,0.3159194415862048,1110.3703362505757,-22.235000000000007,2.0698611111111105,0.29600305373111396,1110.0142791340397
1,1180,0.443986588365652,True,-18.29416666666667,1.7298333333333333,0.2451052152687811,1115.2321510824504,-17.849999999999998,1.6104166666666666,0.23029235490982033,1115.4329801934593
1,1195,-0.9162227085829028,False,-14.191666666666666,1.357111111111111,0.18594432600493777,1127.2754491017963,-15.037500000000003,1.392166666666667,0.1759538783245328,1127.5891294334408
1,1200,2.9602413031019674,True,-10.5725,0.8827083333333335,0.15716861343818433,1130.0534315983418,-7.6125,0.6360416666666668,0.1446367711878817,1129.780746199908
1,1205,-2.361480681776516,False,-11.879999999999999,1.1403472222222222,0.1754313680294399,1132.6568401658221,-13.832499999999998,1.3352083333333333,0.19442101890637917,1132.9613081529249
1,1215,0.0,False,-7.307499999999999,0.6922916666666666,0.12891558412913975,1135.487333026255,-7.307499999999999,0.6922916666666666,0.12891558412913975,1135.487333026255
1,1220,0.0,False,-8.649999999999999,0.8257638888888889,0.14525109969962133,1137.1460156609858,-8.649999999999999,0.8257638888888889,0.14525109969962133,1137.1460156609858
1,1225,-0.4514853217925589,False,-3.612500000000001,0.3177083333333332,0.07500926270363863,1137.6563795485952,-3.999999999999999,0.35,0.07283715208456536,1136.9760479041915
1,1230,0.0,False,-2.9974999999999996,0.26645833333333324,0.07525393585400542,1137.3132197144173,-2.9974999999999996,0.26645833333333324,0.07525393585400542,1137.3132197144173
1,1235,0.0,False,-4.2825,0.3857638888888888,0.0974497258355377,1137.7991708889913,-4.2825,0.3857638888888888,0.0974497258355377,1137.7991708889913
1,1240,0.0,False,-0.014999999999999998,0.0012500000000000002,0.0022547903758327807,1137.3371718102258,-0.014999999999999998,0.0012500000000000002,0.0022547903758327807,1137.3371718102258
1,1245,0.0,False,0.0,0.0,0.0,1137.3371718102258,0.0,0.0,0.0,1137.3371718102258
1,1250,0.0,False,0.0,0.0,0.0,1137.3371718102258,0.0,0.0,0.0,1137.3371718102258
1,1255,0.0,False,0.0,0.0,0.0,1137.3371718102258,0.0,0.0,0.0,1137.3371718102258
1,1260,0.0,False,0.0,0.0,0.0,1137.3371718102258,0.0,0.0,0.0,1137.3371718102258
1,1265,0.0,False,0.0,0.0,0.0,1137.3371718102258,0.0,0.0,0.0,1137.3371718102258
1,1270,0.0,False,0.0,0.0,0.0,1137.3371718102258,0.0,0.0,0.0,1137.3371718102258
1,1275,0.0,False,0.0,0.0,0.0,1137.3371718102258,0.0,0.0,0.0,1137.3371718102258
1,1280,0.0,False,0.0,0.0,0.0,1137.3371718102258,0.0,0.0,0.0,1137.3371718102258
1,1285,0.0,False,0.0,0.0,0.0,1137.3371718102258,0.0,0.0,0.0,1137.3371718102258
1,1290,0.0,False,0.0,0.0,0.0,1137.3371718102258,0.0,0.0,0.0,1137.3371718102258
1,1295,0.0,False,0.0,0.0,0.0,1137.3371718102258,0.0,0.0,0.0,1137.3371718102258
1,1300,0.0,False,0.0,0.0,0.0,1137.3371718102258,0.0,0.0,0.0,1137.3371718102258
1,1305,0.0,False,0.0,0.0,0.0,1137.3371718102258,0.0,0.0,0.0,1137.3371718102258
1,1310,0.0,False,0.0,0.0,0.0,1137.3371718102258,0.0,0.0,0.0,1137.3371718102258
1,1315,0.0,False,0.0,0.0,0.0,1137.3371718102258,0.0,0.0,0.0,1137.3371718102258
1,1320,0.0,False,0.0,0.0,0.0,1137.3371718102258,0.0,0.0,0.0,1137.3371718102258
1,1325,0.0,False,0.0,0.0,0.0,1137.3371718102258,0.0,0.0,0.0,1137.3371718102258
1,1330,0.0,False,0.0,0.0,0.0,1137.3371718102258,0.0,0.0,0.0,1137.3371718102258
1,1335,0.0,False,0.0,0.0,0.0,1137.3371718102258,0.0,0.0,0.0,1137.3371718102258
1,1340,0.0,False,0.0,0.0,0.0,1137.3371718102258,0.0,0.0,0.0,1137.3371718102258
1,1345,0.0,False,0.0,0.0,0.0,1137.3371718102258,0.0,0.0,0.0,1137.3371718102258
1,1350,0.0,False,0.0,0.0,0.0,1137.3371718102258,0.0,0.0,0.0,1137.3371718102258
1,1355,0.0,False,0.0,0.0,0.0,1137.3371718102258,0.0,0.0,0.0,1137.3371718102258
1,1360,0.0,False,0.0,0.0,0.0,1137.3371718102258,0.0,0.0,0.0,1137.3371718102258
1,1365,0.0,False,0.0,0.0,0.0,1137.3371718102258,0.0,0.0,0.0,1137.3371718102258
1,1370,0.0,False,0.0,0.0,0.0,1137.3371718102258,0.0,0.0,0.0,1137.3371718102258
1,1375,0.0,False,0.0,0.0,0.0,1137.3371718102258,0.0,0.0,0.0,1137.3371718102258
1,1380,0.0,False,0.0,0.0,0.0,1137.3371718102258,0.0,0.0,0.0,1137.3371718102258
1,1385,0.0,False,0.0,0.0,0.0,1137.3371718102258,0.0,0.0,0.0,1137.3371718102258
1,1390,0.0,False,0.0,0.0,0.0,1137.3371718102258,0.0,0.0,0.0,1137.3371718102258
1,1395,0.0,False,0.0,0.0,0.0,1137.3371718102258,0.0,0.0,0.0,1137.3371718102258
1,1400,0.0,False,0.0,0.0,0.0,1137.3371718102258,0.0,0.0,0.0,1137.3371718102258
1,1405,0.0,False,0.0,0.0,0.0,1137.3371718102258,0.0,0.0,0.0,1137.3371718102258
1,1410,0.0,False,0.0,0.0,0.0,1137.3371718102258,0.0,0.0,0.0,1137.3371718102258
1,1415,0.0,False,0.0,0.0,0.0,1137.3371718102258,0.0,0.0,0.0,1137.3371718102258
1,1420,0.0,False,0.0,0.0,0.0,1137.3371718102258,0.0,0.0,0.0,1137.3371718102258
1,1425,0.0,False,0.0,0.0,0.0,1137.3371718102258,0.0,0.0,0.0,1137.3371718102258
1,1430,0.0,False,0.0,0.0,0.0,1137.3371718102258,0.0,0.0,0.0,1137.3371718102258
1,1435,0.0,False,0.0,0.0,0.0,1137.3371718102258,0.0,0.0,0.0,1137.3371718102258
1,1440,0.0,False,0.0,0.0,0.0,1137.3371718102258,0.0,0.0,0.0,1137.3371718102258
1,1445,0.0,False,0.0,0.0,0.0,1137.3371718102258,0.0,0.0,0.0,1137.3371718102258
1,1450,0.0,False,0.0,0.0,0.0,1137.3371718102258,0.0,0.0,0.0,1137.3371718102258
1,1455,0.0,False,0.0,0.0,0.0,1137.3371718102258,0.0,0.0,0.0,1137.3371718102258
1,1460,0.0,False,0.0,0.0,0.0,1137.3371718102258,0.0,0.0,0.0,1137.3371718102258
1,1465,0.0,False,0.0,0.0,0.0,1137.3371718102258,0.0,0.0,0.0,1137.3371718102258
1,1470,0.0,False,0.0,0.0,0.0,1137.3371718102258,0.0,0.0,0.0,1137.3371718102258
1,1475,0.0,False,0.0,0.0,0.0,1137.3371718102258,0.0,0.0,0.0,1137.3371718102258
1,1480,0.0,False,0.0,0.0,0.0,1137.3371718102258,0.0,0.0,0.0,1137.3371718102258
1,1485,0.0,False,0.0,0.0,0.0,1137.3371718102258,0.0,0.0,0.0,1137.3371718102258
1,1490,0.0,False,0.0,0.0,0.0,1137.3371718102258,0.0,0.0,0.0,1137.3371718102258
1,1495,0.0,False,0.0,0.0,0.0,1137.3371718102258,0.0,0.0,0.0,1137.3371718102258
1,1500,0.0,False,0.0,0.0,0.0,1137.3371718102258,0.0,0.0,0.0,1137.3371718102258
1,1505,0.0,False,0.0,0.0,0.0,1137.3371718102258,0.0,0.0,0.0,1137.3371718102258
1,1510,0.0,False,0.0,0.0,0.0,1137.3371718102258,0.0,0.0,0.0,1137.3371718102258
1,1515,0.0,False,0.0,0.0,0.0,1137.3371718102258,0.0,0.0,0.0,1137.3371718102258
1,1520,0.0,False,0.0,0.0,0.0,1137.3371718102258,0.0,0.0,0.0,1137.3371718102258
1,1525,0.0,False,0.0,0.0,0.0,1137.3371718102258,0.0,0.0,0.0,1137.3371718102258
1,1530,0.0,False,0.0,0.0,0.0,1137.3371718102258,0.0,0.0,0.0,1137.3371718102258
1,1535,0.0,False,0.0,0.0,0.0,1137.3371718102258,0.0,0.0,0.0,1137.3371718102258
1,1540,0.0,False,0.0,0.0,0.0,1137.3371718102258,0.0,0.0,0.0,1137.3371718102258
1,1545,0.0,False,0.0,0.0,0.0,1137.3371718102258,0.0,0.0,0.0,1137.3371718102258
1,1550,0.0,False,0.0,0.0,0.0,1137.3371718102258,0.0,0.0,0.0,1137.3371718102258
1,1555,0.0,False,0.0,0.0,0.0,1137.3371718102258,0.0,0.0,0.0,1137.3371718102258
1,1560,0.0,False,0.0,0.0,0.0,1137.3371718102258,0.0,0.0,0.0,1137.3371718102258
1,1565,0.0,False,0.0,0.0,0.0,1137.3371718102258,0.0,0.0,0.0,1137.3371718102258
1,1570,0.0,False,0.0,0.0,0.0,1137.3371718102258,0.0,0.0,0.0,1137.3371718102258
1,1575,0.0,False,0.0,0.0,0.0,1137.3371718102258,0.0,0.0,0.0,1137.3371718102258
1,1580,0.0,False,0.0,0.0,0.0,1137.3371718102258,0.0,0.0,0.0,1137.3371718102258
1,1585,0.0,False,0.0,0.0,0.0,1137.3371718102258,0.0,0.0,0.0,1137.3371718102258
1,1590,0.0,False,0.0,0.0,0.0,1137.3371718102258,0.0,0.0,0.0,1137.3371718102258
1,1595,0.0,False,0.0,0.0,0.0,1137.3371718102258,0.0,0.0,0.0,1137.3371718102258
1,1600,0.0,False,0.0,0.0,0.0,1137.3371718102258,0.0,0.0,0.0,1137.3371718102258
1,1605,0.0,False,0.0,0.0,0.0,1137.3371718102258,0.0,0.0,0.0,1137.3371718102258
1,1610,0.0,False,0.0,0.0,0.0,1137.3371718102258,0.0,0.0,0.0,1137.3371718102258
1,1615,0.0,False,0.0,0.0,0.0,1137.3371718102258,0.0,0.0,0.0,1137.3371718102258
1,1620,0.0,False,0.0,0.0,0.0,1137.3371718102258,0.0,0.0,0.0,1137.3371718102258
1,1625,0.0,False,0.0,0.0,0.0,1137.3371718102258,0.0,0.0,0.0,1137.3371718102258
1,1630,0.0,False,0.0,0.0,0.0,1137.3371718102258,0.0,0.0,0.0,1137.3371718102258
1,1635,0.0,False,0.0,0.0,0.0,1137.3371718102258,0.0,0.0,0.0,1137.3371718102258
1,1640,0.0,False,0.0,0.0,0.0,1137.3371718102258,0.0,0.0,0.0,1137.3371718102258
1,1645,0.0,False,0.0,0.0,0.0,1137.3371718102258,0.0,0.0,0.0,1137.3371718102258
1,1650,0.0,False,0.0,0.0,0.0,1137.3371718102258,0.0,0.0,0.0,1137.3371718102258
1,1655,0.0,False,0.0,0.0,0.0,1137.3371718102258,0.0,0.0,0.0,1137.3371718102258
1,1660,0.0,False,0.0,0.0,0.0,1137.3371718102258,0.0,0.0,0.0,1137.3371718102258
1,1665,0.0,False,0.0,0.0,0.0,1137.3371718102258,0.0,0.0,0.0,1137.3371718102258
1,1670,0.0,False,0.0,0.0,0.0,1137.3371718102258,0.0,0.0,0.0,1137.3371718102258
1,1675,0.0,False,0.0,0.0,0.0,1137.3371718102258,0.0,0.0,0.0,1137.3371718102258
1,1680,0.0,False,0.0,0.0,0.0,1137.3371718102258,0.0,0.0,0.0,1137.3371718102258
1,1685,0.0,False,0.0,0.0,0.0,1137.3371718102258,0.0,0.0,0.0,1137.3371718102258
1,1690,0.0,False,0.0,0.0,0.0,1137.3371718102258,0.0,0.0,0.0,1137.3371718102258
1,1695,0.0,False,0.0,0.0,0.0,1137.3371718102258,0.0,0.0,0.0,1137.3371718102258
1,1700,0.0,False,0.0,0.0,0.0,1137.3371718102258,0.0,0.0,0.0,1137.3371718102258
1,1705,0.0,False,0.0,0.0,0.0,1137.3371718102258,0.0,0.0,0.0,1137.3371718102258
1,1710,0.0,False,0.0,0.0,0.0,1137.3371718102258,0.0,0.0,0.0,1137.3371718102258
1,1715,0.0,False,0.0,0.0,0.0,1137.3371718102258,0.0,0.0,0.0,1137.3371718102258
1,1720,0.0,False,0.0,0.0,0.0,1137.3371718102258,0.0,0.0,0.0,1137.3371718102258
1,1725,0.0,False,0.0,0.0,0.0,1137.3371718102258,0.0,0.0,0.0,1137.3371718102258
1,1730,0.0,False,0.0,0.0,0.0,1137.3371718102258,0.0,0.0,0.0,1137.3371718102258
1,1735,0.0,False,0.0,0.0,0.0,1137.3371718102258,0.0,0.0,0.0,1137.3371718102258
1,1740,0.0,False,0.0,0.0,0.0,1137.3371718102258,0.0,0.0,0.0,1137.3371718102258
1,1745,0.0,False,0.0,0.0,0.0,1137.3371718102258,0.0,0.0,0.0,1137.3371718102258
1,1750,0.0,False,0.0,0.0,0.0,1137.3371718102258,0.0,0.0,0.0,1137.3371718102258
1,1755,0.0,False,0.0,0.0,0.0,1137.3371718102258,0.0,0.0,0.0,1137.3371718102258
1,1760,0.0,False,0.0,0.0,0.0,1137.3371718102258,0.0,0.0,0.0,1137.3371718102258
1,1765,0.0,False,0.0,0.0,0.0,1137.3371718102258,0.0,0.0,0.0,1137.3371718102258
1,1770,0.0,False,0.0,0.0,0.0,1137.3371718102258,0.0,0.0,0.0,1137.3371718102258
1,1775,0.0,False,0.0,0.0,0.0,1137.3371718102258,0.0,0.0,0.0,1137.3371718102258
1,1780,0.0,False,0.0,0.0,0.0,1137.3371718102258,0.0,0.0,0.0,1137.3371718102258
1,1785,0.0,False,0.0,0.0,0.0,1137.3371718102258,0.0,0.0,0.0,1137.3371718102258
1,1790,0.0,False,0.0,0.0,0.0,1137.3371718102258,0.0,0.0,0.0,1137.3371718102258
1,1795,0.0,False,0.0,0.0,0.0,1137.3371718102258,0.0,0.0,0.0,1137.3371718102258
2,1800,1.0311835716212596,True,-20.315,1.719652777777778,0.2869290284728699,53.72463768115942,-19.3725,1.4595138888888888,0.2671323452062872,48.960144927536234
2,1805,-1.937345729819699,False,-30.59,2.5790277777777777,0.39575405554329113,69.82471264367815,-32.4,2.6420833333333333,0.3635491852341069,69.91091954022988
2,1810,0.25060293563082975,True,-36.43333333333333,2.907777777777777,0.4312754778348457,74.98144329896907,-36.23416666666667,2.857930555555556,0.44657737089014776,69.97731958762887
2,1815,2.225250435756035,True,-43.891666666666666,3.635944444444445,0.4245257315795263,93.56347826086956,-41.69666666666667,3.453027777777778,0.4316923481850524,90.06260869565217
2,1825,-0.22853725987748502,False,-48.108333333333334,4.037972222222222,0.4610724933877692,119.39171597633135,-48.343333333333334,3.961722222222222,0.4477643070654718,118.62011834319527
2,1835,-0.7556790260217113,False,-51.79416666666667,4.596319444444445,0.4688444174741463,156.60361216730038,-52.55166666666666,4.566319444444444,0.4465240309506945,156.3184410646388
2,1850,-2.0203119830660605,False,-62.82416666666666,5.466472222222222,0.6254893603296284,199.9592944369064,-64.51333333333334,5.631069444444445,0.5685248909541176,200.3493894165536
2,1855,-4.137896730638719,False,-61.905,5.3476388888888895,0.6057985896406787,218.86637112096264,-65.2875,5.718541666666666,0.6168144587254135,219.4300189993667
2,1860,0.6127170392006319,True,-67.17083333333333,5.748152777777778,0.67469293559591,235.47616279069769,-66.56333333333333,5.720513888888888,0.6700193477256664,234.24767441860465
2,1865,-1.7755893621671561,False,-71.18583333333332,6.057763888888888,0.7057129399159564,254.61344997266266,-72.75833333333334,6.1578333333333335,0.6920961728825067,255.36468015308913
2,1885,-1.2406028139069356,False,-83.09750000000001,7.054930555555556,0.7734163244090708,343.8028558268079,-84.2175,7.114361111111111,0.7518182180563578,344.4016582220175
2,1890,0.7561035906678232,True,-85.66249999999998,7.19209722222222,0.7377037662392688,378.6149239981575,-84.90499999999999,7.128972222222222,0.7416002576909245,377.6683555964993
2,1900,-13.017561577264708,False,-61.37333333333334,5.2489027777777775,0.5781371970080043,440.5780746199908,-72.29333333333334,6.283875000000001,0.6051834956890434,440.8295716259788
2,1905,-0.25866898896693785,False,-74.35416666666667,6.527277777777778,0.6970229987323567,470.20635651773375,-74.59750000000001,6.509111111111113,0.7111468810625847,470.77614002763704
2,1910,-5.890246931639084,False,-67.8925,5.920263888888888,0.6448302729608429,500.76140027637035,-72.79833333333333,6.413916666666667,0.6400291070423691,499.3132197144173
2,1915,1.2921428671812132,True,-72.925,6.4017222222222205,0.629267020718723,529.0571165361584,-71.63250000000001,6.3384583333333335,0.6299941746852967,528.8613542146476
2,1920,10.352591906896194,True,-72.89166666666667,6.456999999999999,0.6165256342766163,557.1179180101336,-62.54083333333333,5.575611111111111,0.5627444604362256,556.1381851681252
2,1925,8.294690201657055,True,-64.42333333333335,5.6330833333333326,0.5358857910944518,583.3215108245048,-56.12916666666667,4.974097222222222,0.5344637137214406,583.0161216029479
2,1935,-10.555273513561206,False,-48.19083333333334,4.278444444444445,0.4483198047228357,632.7346844771995,-57.16833333333334,5.046152777777778,0.4900069114256121,633.158452326117
2,1940,2.5461437742447566,True,-53.700833333333335,4.640902777777778,0.4782997151769095,657.2339935513588,-51.155833333333334,4.405694444444444,0.4679401875429401,656.4822662367573
2,1950,-2.0859916298504784,False,-45.95333333333334,4.166972222222222,0.4155994708205716,702.2611699677568,-47.71583333333333,4.317805555555556,0.4371482976310676,702.4550898203593
2,1955,-2.3162903465211233,False,-41.32666666666666,3.6427916666666675,0.3863667682975977,721.8843850760019,-43.13916666666667,3.883277777777778,0.40708051737197004,723.4035006909259
2,1960,5.7973200965199805,True,-45.0275,4.097375,0.4205830537300776,743.7070474435744,-39.2325,3.5764722222222223,0.39681477458984393,741.9815753109166
2,1965,-6.901956505538424,False,-29.90583333333333,2.5205833333333336,0.33090562088025016,761.9958544449562,-35.833333333333336,3.007819444444445,0.3004824385427439,761.9838783970521
2,1975,5.231053333963326,True,-42.53916666666666,3.77926388888889,0.37576854862193015,799.3744818056196,-37.30916666666667,3.2902361111111107,0.3667747781504457,798.5324735145094
2,1985,-4.426965709949471,False,-33.832499999999996,2.9279166666666665,0.33469778591689553,830.7231690465223,-37.417500000000004,3.3411111111111116,0.34854020165448496,832.163979732842
2,1995,-0.15173546527665838,False,-39.1775,3.43763888888889,0.3002664454878906,863.1989866421004,-39.245,3.473402777777778,0.3132766935455807,862.9378166743436
2,2010,1.496930578053149,True,-33.43666666666665,2.8006666666666664,0.27843678680869577,903.3933671119299,-31.938333333333333,2.773111111111111,0.2796962673588075,903.5228005527407
2,2020,-3.1278929194234584,False,-29.57083333333333,2.5454861111111113,0.2238372246976647,927.2307692307693,-32.31916666666667,2.731638888888889,0.2313863345608791,926.9571625978812
2,2025,-1.480973059571322,False,-31.111666666666665,2.7226111111111106,0.24928139661000645,938.1326577614003,-32.23916666666666,2.8911527777777772,0.26535737787209057,938.4269921695071
2,2035,3.3328127732254567,True,-26.15,2.298541666666667,0.2803054527821819,957.2468908337172,-22.8175,2.029513888888889,0.25053098938129037,956.9474896361124
2,2050,1.7975965730156616,True,-28.774166666666666,2.6150833333333328,0.2997225666096278,979.3238139106403,-26.9625,2.4266111111111113,0.31413083623631144,978.9926301243667
2,2055,1.1301477945636882,True,-28.7125,2.6602916666666667,0.3423138668341347,984.847075080608,-27.582499999999996,2.528916666666667,0.3415588242805857,984.7015200368494
2,2075,4.420505709129359,True,-22.104999999999997,1.974722222222223,0.27169468990107754,1001.0069092584063,-17.685,1.5764583333333335,0.2576897067914377,1000.5006909258407
2,2085,-6.046242467898099,False,-7.8050000000000015,0.6594444444444444,0.17582523202705955,1004.7411331183786,-12.864999999999998,1.1434722222222222,0.19348310035763674,1005.2726853984339
2,2090,0.19254256575379045,True,-10.57,0.9823611111111114,0.20202852203808022,1006.3818516812529,-10.377500000000001,0.9538888888888887,0.18093029341175396,1006.3390142791341
2,2095,-1.8953955239319158,False,-6.679999999999999,0.6270833333333333,0.15879012667704598,1007.0635651773376,-8.342499999999998,0.7376388888888887,0.1701798149931447,1007.4610778443114
2,2100,0.9276956575006345,True,-6.525000000000002,0.5660416666666667,0.11896873991244282,1007.5983417779825,-5.597499999999998,0.5469444444444445,0.10753851727602172,1007.4011976047905
2,2105,-1.9908815972603549,False,-2.4675000000000002,0.205625,0.06788326807116271,1007.4191616766467,-4.155,0.34625,0.0899302787063548,1007.5043758636573
2,2110,0.1374931422019294,True,-2.32,0.21652777777777785,0.09868212800151317,1007.5039152464302,-2.1824999999999997,0.20909722222222224,0.0739219358469258,1007.5108245048365
2,2115,0.0,False,-0.25249999999999995,0.028055555555555552,0.022354411911917563,1007.3261169967757,-0.25249999999999995,0.028055555555555552,0.022354411911917563,1007.3261169967757
2,2120,0.0,False,0.0,0.0,0.0,1007.2938737908797,0.0,0.0,0.0,1007.2938737908797
2,2125,0.0,False,0.0,0.0,0.0,1007.2938737908797,0.0,0.0,0.0,1007.2938737908797
2,2130,0.0,False,0.0,0.0,0.0,1007.2938737908797,0.0,0.0,0.0,1007.2938737908797
2,2135,0.0,False,0.0,0.0,0.0,1007.2938737908797,0.0,0.0,0.0,1007.2938737908797
2,2140,0.0,False,0.0,0.0,0.0,1007.2938737908797,0.0,0.0,0.0,1007.2938737908797
2,2145,0.0,False,0.0,0.0,0.0,1007.2938737908797,0.0,0.0,0.0,1007.2938737908797
2,2150,0.0,False,0.0,0.0,0.0,1007.2938737908797,0.0,0.0,0.0,1007.2938737908797
2,2155,0.0,False,0.0,0.0,0.0,1007.2938737908797,0.0,0.0,0.0,1007.2938737908797
2,2160,0.0,False,0.0,0.0,0.0,1007.2938737908797,0.0,0.0,0.0,1007.2938737908797
2,2165,0.0,False,0.0,0.0,0.0,1007.2938737908797,0.0,0.0,0.0,1007.2938737908797
2,2170,0.0,False,0.0,0.0,0.0,1007.2938737908797,0.0,0.0,0.0,1007.2938737908797
2,2175,0.0,False,0.0,0.0,0.0,1007.2938737908797,0.0,0.0,0.0,1007.2938737908797
2,2180,0.0,False,0.0,0.0,0.0,1007.2938737908797,0.0,0.0,0.0,1007.2938737908797
2,2185,0.0,False,0.0,0.0,0.0,1007.2938737908797,0.0,0.0,0.0,1007.2938737908797
2,2190,0.0,False,0.0,0.0,0.0,1007.2938737908797,0.0,0.0,0.0,1007.2938737908797
2,2195,0.0,False,0.0,0.0,0.0,1007.2938737908797,0.0,0.0,0.0,1007.2938737908797
2,2200,0.0,False,0.0,0.0,0.0,1007.2938737908797,0.0,0.0,0.0,1007.2938737908797
2,2205,0.0,False,0.0,0.0,0.0,1007.2938737908797,0.0,0.0,0.0,1007.2938737908797
2,2210,0.0,False,0.0,0.0,0.0,1007.2938737908797,0.0,0.0,0.0,1007.2938737908797
2,2215,0.0,False,0.0,0.0,0.0,1007.2938737908797,0.0,0.0,0.0,1007.2938737908797
2,2220,0.0,False,0.0,0.0,0.0,1007.2938737908797,0.0,0.0,0.0,1007.2938737908797
2,2225,0.0,False,0.0,0.0,0.0,1007.2938737908797,0.0,0.0,0.0,1007.2938737908797
2,2230,0.0,False,0.0,0.0,0.0,1007.2938737908797,0.0,0.0,0.0,1007.2938737908797
2,2235,0.0,False,0.0,0.0,0.0,1007.2938737908797,0.0,0.0,0.0,1007.2938737908797
2,2240,0.0,False,0.0,0.0,0.0,1007.2938737908797,0.0,0.0,0.0,1007.2938737908797
2,2245,0.0,False,0.0,0.0,0.0,1007.2938737908797,0.0,0.0,0.0,1007.2938737908797
2,2250,0.0,False,0.0,0.0,0.0,1007.2938737908797,0.0,0.0,0.0,1007.2938737908797
2,2255,0.0,False,0.0,0.0,0.0,1007.2938737908797,0.0,0.0,0.0,1007.2938737908797
2,2260,0.0,False,0.0,0.0,0.0,1007.2938737908797,0.0,0.0,0.0,1007.2938737908797
2,2265,0.0,False,0.0,0.0,0.0,1007.2938737908797,0.0,0.0,0.0,1007.2938737908797
2,2270,0.0,False,0.0,0.0,0.0,1007.2938737908797,0.0,0.0,0.0,1007.2938737908797
2,2275,0.0,False,0.0,0.0,0.0,1007.2938737908797,0.0,0.0,0.0,1007.2938737908797
2,2280,0.0,False,0.0,0.0,0.0,1007.2938737908797,0.0,0.0,0.0,1007.2938737908797
2,2285,0.0,False,0.0,0.0,0.0,1007.2938737908797,0.0,0.0,0.0,1007.2938737908797
2,2290,0.0,False,0.0,0.0,0.0,1007.2938737908797,0.0,0.0,0.0,1007.2938737908797
2,2295,0.0,False,0.0,0.0,0.0,1007.2938737908797,0.0,0.0,0.0,1007.2938737908797
2,2300,0.0,False,0.0,0.0,0.0,1007.2938737908797,0.0,0.0,0.0,1007.2938737908797
2,2305,0.0,False,0.0,0.0,0.0,1007.2938737908797,0.0,0.0,0.0,1007.2938737908797
2,2310,0.0,False,0.0,0.0,0.0,1007.2938737908797,0.0,0.0,0.0,1007.2938737908797
2,2315,0.0,False,0.0,0.0,0.0,1007.2938737908797,0.0,0.0,0.0,1007.2938737908797
2,2320,0.0,False,0.0,0.0,0.0,1007.2938737908797,0.0,0.0,0.0,1007.2938737908797
2,2325,0.0,False,0.0,0.0,0.0,1007.2938737908797,0.0,0.0,0.0,1007.2938737908797
2,2330,0.0,False,0.0,0.0,0.0,1007.2938737908797,0.0,0.0,0.0,1007.2938737908797
2,2335,0.0,False,0.0,0.0,0.0,1007.2938737908797,0.0,0.0,0.0,1007.2938737908797
2,2340,0.0,False,0.0,0.0,0.0,1007.2938737908797,0.0,0.0,0.0,1007.2938737908797
2,2345,0.0,False,0.0,0.0,0.0,1007.2938737908797,0.0,0.0,0.0,1007.2938737908797
2,2350,0.0,False,0.0,0.0,0.0,1007.2938737908797,0.0,0.0,0.0,1007.2938737908797
2,2355,0.0,False,0.0,0.0,0.0,1007.2938737908797,0.0,0.0,0.0,1007.2938737908797
2,2360,0.0,False,0.0,0.0,0.0,1007.2938737908797,0.0,0.0,0.0,1007.2938737908797
2,2365,0.0,False,0.0,0.0,0.0,1007.2938737908797,0.0,0.0,0.0,1007.2938737908797
2,2370,0.0,False,0.0,0.0,0.0,1007.2938737908797,0.0,0.0,0.0,1007.2938737908797
2,2375,0.0,False,0.0,0.0,0.0,1007.2938737908797,0.0,0.0,0.0,1007.2938737908797
2,2380,0.0,False,0.0,0.0,0.0,1007.2938737908797,0.0,0.0,0.0,1007.2938737908797
2,2385,0.0,False,0.0,0.0,0.0,1007.2938737908797,0.0,0.0,0.0,1007.2938737908797
2,2390,0.0,False,0.0,0.0,0.0,1007.2938737908797,0.0,0.0,0.0,1007.2938737908797
2,2395,0.0,False,0.0,0.0,0.0,1007.2938737908797,0.0,0.0,0.0,1007.2938737908797
2,2400,0.0,False,0.0,0.0,0.0,1007.2938737908797,0.0,0.0,0.0,1007.2938737908797
2,2405,0.0,False,0.0,0.0,0.0,1007.2938737908797,0.0,0.0,0.0,1007.2938737908797
2,2410,0.0,False,0.0,0.0,0.0,1007.2938737908797,0.0,0.0,0.0,1007.2938737908797
2,2415,0.0,False,0.0,0.0,0.0,1007.2938737908797,0.0,0.0,0.0,1007.2938737908797
2,2420,0.0,False,0.0,0.0,0.0,1007.2938737908797,0.0,0.0,0.0,1007.2938737908797
2,2425,0.0,False,0.0,0.0,0.0,1007.2938737908797,0.0,0.0,0.0,1007.2938737908797
2,2430,0.0,False,0.0,0.0,0.0,1007.2938737908797,0.0,0.0,0.0,1007.2938737908797
2,2435,0.0,False,0.0,0.0,0.0,1007.2938737908797,0.0,0.0,0.0,1007.2938737908797
2,2440,0.0,False,0.0,0.0,0.0,1007.2938737908797,0.0,0.0,0.0,1007.2938737908797
2,2445,0.0,False,0.0,0.0,0.0,1007.2938737908797,0.0,0.0,0.0,1007.2938737908797
2,2450,0.0,False,0.0,0.0,0.0,1007.2938737908797,0.0,0.0,0.0,1007.2938737908797
2,2455,0.0,False,0.0,0.0,0.0,1007.2938737908797,0.0,0.0,0.0,1007.2938737908797
2,2460,0.0,False,0.0,0.0,0.0,1007.2938737908797,0.0,0.0,0.0,1007.2938737908797
2,2465,0.0,False,0.0,0.0,0.0,1007.2938737908797,0.0,0.0,0.0,1007.2938737908797
2,2470,0.0,False,0.0,0.0,0.0,1007.2938737908797,0.0,0.0,0.0,1007.2938737908797
2,2475,0.0,False,0.0,0.0,0.0,1007.2938737908797,0.0,0.0,0.0,1007.2938737908797
2,2480,0.0,False,0.0,0.0,0.0,1007.2938737908797,0.0,0.0,0.0,1007.2938737908797
2,2485,0.0,False,0.0,0.0,0.0,1007.2938737908797,0.0,0.0,0.0,1007.2938737908797
2,2490,0.0,False,0.0,0.0,0.0,1007.2938737908797,0.0,0.0,0.0,1007.2938737908797
2,2495,0.0,False,0.0,0.0,0.0,1007.2938737908797,0.0,0.0,0.0,1007.2938737908797
2,2500,0.0,False,0.0,0.0,0.0,1007.2938737908797,0.0,0.0,0.0,1007.2938737908797
2,2505,0.0,False,0.0,0.0,0.0,1007.2938737908797,0.0,0.0,0.0,1007.2938737908797
2,2510,0.0,False,0.0,0.0,0.0,1007.2938737908797,0.0,0.0,0.0,1007.2938737908797
2,2515,0.0,False,0.0,0.0,0.0,1007.2938737908797,0.0,0.0,0.0,1007.2938737908797
2,2520,0.0,False,0.0,0.0,0.0,1007.2938737908797,0.0,0.0,0.0,1007.2938737908797
2,2525,0.0,False,0.0,0.0,0.0,1007.2938737908797,0.0,0.0,0.0,1007.2938737908797
2,2530,0.0,False,0.0,0.0,0.0,1007.2938737908797,0.0,0.0,0.0,1007.2938737908797
2,2535,0.0,False,0.0,0.0,0.0,1007.2938737908797,0.0,0.0,0.0,1007.2938737908797
2,2540,0.0,False,0.0,0.0,0.0,1007.2938737908797,0.0,0.0,0.0,1007.2938737908797
2,2545,0.0,False,0.0,0.0,0.0,1007.2938737908797,0.0,0.0,0.0,1007.2938737908797
2,2550,0.0,False,0.0,0.0,0.0,1007.2938737908797,0.0,0.0,0.0,1007.2938737908797
2,2555,0.0,False,0.0,0.0,0.0,1007.2938737908797,0.0,0.0,0.0,1007.2938737908797
2,2560,0.0,False,0.0,0.0,0.0,1007.2938737908797,0.0,0.0,0.0,1007.2938737908797
2,2565,0.0,False,0.0,0.0,0.0,1007.2938737908797,0.0,0.0,0.0,1007.2938737908797
2,2570,0.0,False,0.0,0.0,0.0,1007.2938737908797,0.0,0.0,0.0,1007.2938737908797
2,2575,0.0,False,0.0,0.0,0.0,1007.2938737908797,0.0,0.0,0.0,1007.2938737908797
2,2580,0.0,False,0.0,0.0,0.0,1007.2938737908797,0.0,0.0,0.0,1007.2938737908797
2,2585,0.0,False,0.0,0.0,0.0,1007.2938737908797,0.0,0.0,0.0,1007.2938737908797
2,2590,0.0,False,0.0,0.0,0.0,1007.2938737908797,0.0,0.0,0.0,1007.2938737908797
2,2595,0.0,False,0.0,0.0,0.0,1007.2938737908797,0.0,0.0,0.0,1007.2938737908797
2,2600,0.0,False,0.0,0.0,0.0,1007.2938737908797,0.0,0.0,0.0,1007.2938737908797
2,2605,0.0,False,0.0,0.0,0.0,1007.2938737908797,0.0,0.0,0.0,1007.2938737908797
2,2610,0.0,False,0.0,0.0,0.0,1007.2938737908797,0.0,0.0,0.0,1007.2938737908797
2,2615,0.0,False,0.0,0.0,0.0,1007.2938737908797,0.0,0.0,0.0,1007.2938737908797
2,2620,0.0,False,0.0,0.0,0.0,1007.2938737908797,0.0,0.0,0.0,1007.2938737908797
2,2625,0.0,False,0.0,0.0,0.0,1007.2938737908797,0.0,0.0,0.0,1007.2938737908797
2,2630,0.0,False,0.0,0.0,0.0,1007.2938737908797,0.0,0.0,0.0,1007.2938737908797
2,2635,0.0,False,0.0,0.0,0.0,1007.2938737908797,0.0,0.0,0.0,1007.2938737908797
2,2640,0.0,False,0.0,0.0,0.0,1007.2938737908797,0.0,0.0,0.0,1007.2938737908797
2,2645,0.0,False,0.0,0.0,0.0,1007.2938737908797,0.0,0.0,0.0,1007.2938737908797
2,2650,0.0,False,0.0,0.0,0.0,1007.2938737908797,0.0,0.0,0.0,1007.2938737908797
2,2655,0.0,False,0.0,0.0,0.0,1007.2938737908797,0.0,0.0,0.0,1007.2938737908797
2,2660,0.0,False,0.0,0.0,0.0,1007.2938737908797,0.0,0.0,0.0,1007.2938737908797
2,2665,0.0,False,0.0,0.0,0.0,1007.2938737908797,0.0,0.0,0.0,1007.2938737908797
2,2670,0.0,False,0.0,0.0,0.0,1007.2938737908797,0.0,0.0,0.0,1007.2938737908797
2,2675,0.0,False,0.0,0.0,0.0,1007.2938737908797,0.0,0.0,0.0,1007.2938737908797
2,2680,0.0,False,0.0,0.0,0.0,1007.2938737908797,0.0,0.0,0.0,1007.2938737908797
2,2685,0.0,False,0.0,0.0,0.0,1007.2938737908797,0.0,0.0,0.0,1007.2938737908797
2,2690,0.0,False,0.0,0.0,0.0,1007.2938737908797,0.0,0.0,0.0,1007.2938737908797
2,2695,0.0,False,0.0,0.0,0.0,1007.2938737908797,0.0,0.0,0.0,1007.2938737908797
